This is pdfTeX, Version 3.141592653-2.6-1.40.28 (MiKTeX 25.12) (preloaded format=pdflatex 2026.7.21)  23 JUL 2026 17:59
entering extended mode
 restricted \write18 enabled.
 file:line:error style messages enabled.
 %&-line parsing enabled.
**./Thesis.tex
(Thesis.tex
LaTeX2e <2025-11-01>
L3 programming layer <2025-12-24>
(Einstellungen.tex) (Vorlage/Praeambel.tex
(C:\Users\Raphael\AppData\Local\Programs\MiKTeX\tex/latex/base\inputenc.sty
Package: inputenc 2024/02/08 v1.3d Input encoding file
\inpenc@prehook=\toks17
\inpenc@posthook=\toks18
)
(C:\Users\Raphael\AppData\Local\Programs\MiKTeX\tex/latex/base\fontenc.sty
Package: fontenc 2025/07/18 v2.1d Standard LaTeX package
)
(C:\Users\Raphael\AppData\Local\Programs\MiKTeX\tex/latex/etoolbox\etoolbox.sty
Package: etoolbox 2025/10/02 v2.5m e-TeX tools for LaTeX (JAW)
\etb@tempcnta=\count275
)
(C:\Users\Raphael\AppData\Local\Programs\MiKTeX\tex/latex/calculator\calculator
.sty
Package: calculator 2022/09/15 v.2.1
\cctr@lengtha=\dimen148
\cctr@lengthb=\dimen149
\cctr@epsilon=\dimen150
)
(C:\Users\Raphael\AppData\Local\Programs\MiKTeX\tex/latex/l3packages/xfp\xfp.st
y (C:\Users\Raphael\AppData\Local\Programs\MiKTeX\tex/latex/l3kernel\expl3.sty
Package: expl3 2025-12-24 L3 programming layer (loader) 

(C:\Users\Raphael\AppData\Local\Programs\MiKTeX\tex/latex/l3backend\l3backend-p
dftex.def
File: l3backend-pdftex.def 2025-10-09 L3 backend support: PDF output (pdfTeX)
\l__color_backend_stack_int=\count276
))
Package: xfp 2025-10-09 L3 Floating point unit
)
(C:\Users\Raphael\AppData\Local\Programs\MiKTeX\tex/latex/pbox\pbox.sty
Package: pbox 2011/12/07 v1.2 Dynamic parboxes

(C:\Users\Raphael\AppData\Local\Programs\MiKTeX\tex/latex/tools\calc.sty
Package: calc 2025/03/01 v4.3b Infix arithmetic (KKT,FJ)
\calc@Acount=\count277
\calc@Bcount=\count278
\calc@Adimen=\dimen151
\calc@Bdimen=\dimen152
\calc@Askip=\skip49
\calc@Bskip=\skip50
LaTeX Info: Redefining \setlength on input line 86.
LaTeX Info: Redefining \addtolength on input line 87.
\calc@Ccount=\count279
\calc@Cskip=\skip51
)
(C:\Users\Raphael\AppData\Local\Programs\MiKTeX\tex/latex/base\ifthen.sty
Package: ifthen 2024/03/16 v1.1e Standard LaTeX ifthen package (DPC)
)
\pb@xlen=\skip52
)
\bindekorrektur=\skip53
\randAussen=\skip54

(Einstellungen.tex)
(C:\Users\Raphael\AppData\Local\Programs\MiKTeX\tex/latex/base\report.cls
Document Class: report 2025/01/22 v1.4n Standard LaTeX document class
(C:\Users\Raphael\AppData\Local\Programs\MiKTeX\tex/latex/base\size12.clo
File: size12.clo 2025/01/22 v1.4n Standard LaTeX file (size option)
)
\c@part=\count280
\c@chapter=\count281
\c@section=\count282
\c@subsection=\count283
\c@subsubsection=\count284
\c@paragraph=\count285
\c@subparagraph=\count286
\c@figure=\count287
\c@table=\count288
\abovecaptionskip=\skip55
\belowcaptionskip=\skip56
\bibindent=\dimen153
)
(C:\Users\Raphael\AppData\Local\Programs\MiKTeX\tex/generic/babel\babel.sty
Package: babel 2025/12/11 v25.17 The multilingual framework for LuaLaTeX, pdfLa
TeX and XeLaTeX
\babel@savecnt=\count289
LaTeX Encoding Info:    Redeclaring text command \ij (encoding OT1) on input li
ne 2068.
LaTeX Encoding Info:    Redeclaring text command \IJ (encoding OT1) on input li
ne 2070.
LaTeX Encoding Info:    Redeclaring text command \ij (encoding T1) on input lin
e 2072.
LaTeX Encoding Info:    Redeclaring text command \IJ (encoding T1) on input lin
e 2073.
LaTeX Encoding Info:    Ignoring declaration for text command \ij (encoding ?) 
on input line 2074.
LaTeX Encoding Info:    Ignoring declaration for text command \IJ (encoding ?) 
on input line 2076.
LaTeX Encoding Info:    Ignoring declaration for text command \SS (encoding ?) 
on input line 2101.
\U@D=\dimen154
\l@unhyphenated=\language79

(C:\Users\Raphael\AppData\Local\Programs\MiKTeX\tex/generic/babel\txtbabel.def)
\bbl@readstream=\read2
\bbl@dirlevel=\count290
Package babel Info: Configuration files are deprecated, as
(babel)             they can break document portability.
(babel)             Reported on input line 4196.
*************************************
* Local config file bblopts.cfg used
*
(C:\Users\Raphael\AppData\Local\Programs\MiKTeX\tex/latex/arabi\bblopts.cfg
File: bblopts.cfg 2005/09/08 v0.1 add Arabic and Farsi to "declared" options of
 babel
)
(C:\Users\Raphael\AppData\Local\Programs\MiKTeX\tex/generic/babel/locale/invali
d\babel-ngerman.tex)
(C:\Users\Raphael\AppData\Local\Programs\MiKTeX\tex/generic/babel/locale/en\bab
el-english.tex)
(C:\Users\Raphael\AppData\Local\Programs\MiKTeX\tex/generic/babel/locale/fr\bab
el-french.tex)
(C:\Users\Raphael\AppData\Local\Programs\MiKTeX\tex/generic/babel/locale/invali
d\babel-ngerman.tex)
Package babel Info: Importing font and identification data for english
(babel)             from babel-en.ini. Reported on input line 4320.

(C:\Users\Raphael\AppData\Local\Programs\MiKTeX\tex/latex/babel-english\english
.ldf
Language: english 2017/06/06 v3.3r English support from the babel system
Package babel Info: Hyphen rules for 'canadian' set to \l@english
(babel)             (\language0). Reported on input line 102.
Package babel Info: Hyphen rules for 'australian' set to \l@ukenglish
(babel)             (\language73). Reported on input line 105.
Package babel Info: Hyphen rules for 'newzealand' set to \l@ukenglish
(babel)             (\language73). Reported on input line 108.
)
Package babel Info: Importing font and identification data for french
(babel)             from babel-fr.ini. Reported on input line 4320.

(C:\Users\Raphael\AppData\Local\Programs\MiKTeX\tex/generic/babel-french\french
.ldf
Language: french 2026-06-06 v4.1a French support from the babel system

(C:\Users\Raphael\AppData\Local\Programs\MiKTeX\tex/generic/babel-french\french
3.ldf
Language: french 2026-06-06 v3.7f French support from the babel system
\FB@stdchar=\count291
Package babel Info: Making : an active character on input line 266.
Package babel Info: Making ; an active character on input line 267.
Package babel Info: Making ! an active character on input line 268.
Package babel Info: Making ? an active character on input line 269.
\FBguill@level=\count292
\FBold@everypar=\toks19
\FB@Mht=\dimen155
\mc@charclass=\count293
\mc@charfam=\count294
\mc@charslot=\count295
\std@mcc=\count296
\dec@mcc=\count297
\listindentFB=\dimen156
\descindentFB=\dimen157
\labelwidthFB=\dimen158
\labelfullwidthFB=\dimen159
\FB@pardim=\dimen160
\parindentFFN=\dimen161
\FBfnindent=\dimen162
))
Package babel Info: Importing font and identification data for ngerman
(babel)             from babel-de.ini. Reported on input line 4320.

(C:\Users\Raphael\AppData\Local\Programs\MiKTeX\tex/latex/babel-german\ngerman.
ldf
Language: ngerman 

(C:\Users\Raphael\AppData\Local\Programs\MiKTeX\tex/latex/babel-german\babel-ge
rman.def
Package babel Info: Making " an active character on input line 496.
)))
(C:\Users\Raphael\AppData\Local\Programs\MiKTeX\tex/latex/carlisle\scalefnt.sty
)
(C:\Users\Raphael\AppData\Local\Programs\MiKTeX\tex/latex/translations\translat
ions.sty
Package: translations 2022/02/05 v1.12 internationalization of LaTeX2e packages
 (CN)

(C:\Users\Raphael\AppData\Local\Programs\MiKTeX\tex/generic/pdftexcmds\pdftexcm
ds.sty
Package: pdftexcmds 2020-06-27 v0.33 Utility functions of pdfTeX for LuaTeX (HO
)

(C:\Users\Raphael\AppData\Local\Programs\MiKTeX\tex/generic/infwarerr\infwarerr
.sty
Package: infwarerr 2019/12/03 v1.5 Providing info/warning/error messages (HO)
)
(C:\Users\Raphael\AppData\Local\Programs\MiKTeX\tex/generic/iftex\iftex.sty
Package: iftex 2024/12/12 v1.0g TeX engine tests
)
(C:\Users\Raphael\AppData\Local\Programs\MiKTeX\tex/generic/ltxcmds\ltxcmds.sty
Package: ltxcmds 2023-12-04 v1.26 LaTeX kernel commands for general use (HO)
)
Package pdftexcmds Info: \pdf@primitive is available.
Package pdftexcmds Info: \pdf@ifprimitive is available.
Package pdftexcmds Info: \pdfdraftmode found.
)) (C:\Users\Raphael\AppData\Local\Programs\MiKTeX\tex/latex/lm\lmodern.sty
Package: lmodern 2015/05/01 v1.6.1 Latin Modern Fonts
LaTeX Font Info:    Overwriting symbol font `operators' in version `normal'
(Font)                  OT1/cmr/m/n --> OT1/lmr/m/n on input line 22.
LaTeX Font Info:    Overwriting symbol font `letters' in version `normal'
(Font)                  OML/cmm/m/it --> OML/lmm/m/it on input line 23.
LaTeX Font Info:    Overwriting symbol font `symbols' in version `normal'
(Font)                  OMS/cmsy/m/n --> OMS/lmsy/m/n on input line 24.
LaTeX Font Info:    Overwriting symbol font `largesymbols' in version `normal'
(Font)                  OMX/cmex/m/n --> OMX/lmex/m/n on input line 25.
LaTeX Font Info:    Overwriting symbol font `operators' in version `bold'
(Font)                  OT1/cmr/bx/n --> OT1/lmr/bx/n on input line 26.
LaTeX Font Info:    Overwriting symbol font `letters' in version `bold'
(Font)                  OML/cmm/b/it --> OML/lmm/b/it on input line 27.
LaTeX Font Info:    Overwriting symbol font `symbols' in version `bold'
(Font)                  OMS/cmsy/b/n --> OMS/lmsy/b/n on input line 28.
LaTeX Font Info:    Overwriting symbol font `largesymbols' in version `bold'
(Font)                  OMX/cmex/m/n --> OMX/lmex/m/n on input line 29.
LaTeX Font Info:    Overwriting math alphabet `\mathbf' in version `normal'
(Font)                  OT1/cmr/bx/n --> OT1/lmr/bx/n on input line 31.
LaTeX Font Info:    Overwriting math alphabet `\mathsf' in version `normal'
(Font)                  OT1/cmss/m/n --> OT1/lmss/m/n on input line 32.
LaTeX Font Info:    Overwriting math alphabet `\mathit' in version `normal'
(Font)                  OT1/cmr/m/it --> OT1/lmr/m/it on input line 33.
LaTeX Font Info:    Overwriting math alphabet `\mathtt' in version `normal'
(Font)                  OT1/cmtt/m/n --> OT1/lmtt/m/n on input line 34.
LaTeX Font Info:    Overwriting math alphabet `\mathbf' in version `bold'
(Font)                  OT1/cmr/bx/n --> OT1/lmr/bx/n on input line 35.
LaTeX Font Info:    Overwriting math alphabet `\mathsf' in version `bold'
(Font)                  OT1/cmss/bx/n --> OT1/lmss/bx/n on input line 36.
LaTeX Font Info:    Overwriting math alphabet `\mathit' in version `bold'
(Font)                  OT1/cmr/bx/it --> OT1/lmr/bx/it on input line 37.
LaTeX Font Info:    Overwriting math alphabet `\mathtt' in version `bold'
(Font)                  OT1/cmtt/m/n --> OT1/lmtt/m/n on input line 38.
)
(C:\Users\Raphael\AppData\Local\Programs\MiKTeX\tex/latex/microtype\microtype.s
ty
Package: microtype 2026/03/01 v3.2d Micro-typographical refinements (RS)

(C:\Users\Raphael\AppData\Local\Programs\MiKTeX\tex/latex/graphics\keyval.sty
Package: keyval 2022/05/29 v1.15 key=value parser (DPC)
\KV@toks@=\toks20
)
\MT@toks=\toks21
\MT@tempbox=\box53
\MT@count=\count298
LaTeX Info: Redefining \noprotrusionifhmode on input line 1084.
LaTeX Info: Redefining \leftprotrusion on input line 1085.
\MT@prot@toks=\toks22
LaTeX Info: Redefining \rightprotrusion on input line 1104.
LaTeX Info: Redefining \textls on input line 1449.
\MT@outer@kern=\dimen163
LaTeX Info: Redefining \microtypecontext on input line 2053.
LaTeX Info: Redefining \textmicrotypecontext on input line 2070.
\MT@listname@count=\count299

(C:\Users\Raphael\AppData\Local\Programs\MiKTeX\tex/latex/microtype\microtype-p
dftex.def
File: microtype-pdftex.def 2026/03/01 v3.2d Definitions specific to pdftex (RS)

LaTeX Info: Redefining \lsstyle on input line 944.
LaTeX Info: Redefining \lslig on input line 944.
\MT@outer@space=\skip57
)
Package microtype Info: Loading configuration file microtype.cfg.

(C:\Users\Raphael\AppData\Local\Programs\MiKTeX\tex/latex/microtype\microtype.c
fg
File: microtype.cfg 2026/03/01 v3.2d microtype main configuration file (RS)
)
LaTeX Info: Redefining \microtypesetup on input line 3065.
)
(C:\Users\Raphael\AppData\Local\Programs\MiKTeX\tex/latex/csquotes\csquotes.sty
Package: csquotes 2026-05-19 v5.2p context-sensitive quotations (JAW)
\csq@reset=\count300
\csq@gtype=\count301
\csq@glevel=\count302
\csq@qlevel=\count303
\csq@maxlvl=\count304
\csq@tshold=\count305
\csq@ltx@everypar=\toks23

(C:\Users\Raphael\AppData\Local\Programs\MiKTeX\tex/latex/csquotes\csquotes.def
File: csquotes.def 2026-05-19 v5.2p csquotes generic definitions (JAW)
)
Package csquotes Info: Trying to load configuration file 'csquotes.cfg'...
Package csquotes Info: ... configuration file loaded successfully.

(C:\Users\Raphael\AppData\Local\Programs\MiKTeX\tex/latex/csquotes\csquotes.cfg
File: csquotes.cfg 
)
Package csquotes Info: Enabling multilingual quotes.
Package csquotes Info: Redefining alias 'german' -> 'german/quotes'.
)
(C:\Users\Raphael\AppData\Local\Programs\MiKTeX\tex/latex/biblatex\biblatex.sty
Package: biblatex 2025/07/10 v3.21 programmable bibliographies (PK/MW)

(C:\Users\Raphael\AppData\Local\Programs\MiKTeX\tex/latex/kvoptions\kvoptions.s
ty
Package: kvoptions 2022-06-15 v3.15 Key value format for package options (HO)

(C:\Users\Raphael\AppData\Local\Programs\MiKTeX\tex/latex/kvsetkeys\kvsetkeys.s
ty
Package: kvsetkeys 2022-10-05 v1.19 Key value parser (HO)
))
(C:\Users\Raphael\AppData\Local\Programs\MiKTeX\tex/latex/logreq\logreq.sty
Package: logreq 2010/08/04 v1.0 xml request logger
\lrq@indent=\count306

(C:\Users\Raphael\AppData\Local\Programs\MiKTeX\tex/latex/logreq\logreq.def
File: logreq.def 2010/08/04 v1.0 logreq spec v1.0
))
(C:\Users\Raphael\AppData\Local\Programs\MiKTeX\tex/latex/url\url.sty
\Urlmuskip=\muskip17
Package: url 2013/09/16  ver 3.4  Verb mode for urls, etc.
)
\c@tabx@nest=\count307
\c@listtotal=\count308
\c@listcount=\count309
\c@liststart=\count310
\c@liststop=\count311
\c@citecount=\count312
\c@citetotal=\count313
\c@multicitecount=\count314
\c@multicitetotal=\count315
\c@instcount=\count316
\c@maxnames=\count317
\c@minnames=\count318
\c@maxitems=\count319
\c@minitems=\count320
\c@citecounter=\count321
\c@maxcitecounter=\count322
\c@savedcitecounter=\count323
\c@uniquelist=\count324
\c@uniquename=\count325
\c@refsection=\count326
\c@refsegment=\count327
\c@maxextratitle=\count328
\c@maxextratitleyear=\count329
\c@maxextraname=\count330
\c@maxextradate=\count331
\c@maxextraalpha=\count332
\c@abbrvpenalty=\count333
\c@highnamepenalty=\count334
\c@lownamepenalty=\count335
\c@maxparens=\count336
\c@parenlevel=\count337
\blx@tempcnta=\count338
\blx@tempcntb=\count339
\blx@tempcntc=\count340
\c@blx@maxsection=\count341
\blx@maxsegment@0=\count342
\blx@notetype=\count343
\blx@parenlevel@text=\count344
\blx@parenlevel@foot=\count345
\blx@sectionciteorder@0=\count346
\blx@sectionciteorderinternal@0=\count347
\blx@entrysetcounter=\count348
\blx@biblioinstance=\count349
\labelnumberwidth=\skip58
\labelalphawidth=\skip59
\biblabelsep=\skip60
\bibitemsep=\skip61
\bibnamesep=\skip62
\bibinitsep=\skip63
\bibparsep=\skip64
\bibhang=\skip65
\blx@bcfin=\read3
\blx@bcfout=\write3
\blx@langwohyphens=\language80
\c@mincomprange=\count350
\c@maxcomprange=\count351
\c@mincompwidth=\count352
Package biblatex Info: Trying to load biblatex default data model...
Package biblatex Info: ... file 'blx-dm.def' found.

(C:\Users\Raphael\AppData\Local\Programs\MiKTeX\tex/latex/biblatex\blx-dm.def
File: blx-dm.def 2025/07/10 v3.21 biblatex datamodel (PK/MW)
)
Package biblatex Info: Trying to load biblatex style data model...
Package biblatex Info: ... file 'alphabetic.dbx' not found.
Package biblatex Info: Trying to load biblatex custom data model...
Package biblatex Info: ... file 'biblatex-dm.cfg' not found.
\c@afterword=\count353
\c@savedafterword=\count354
\c@annotator=\count355
\c@savedannotator=\count356
\c@author=\count357
\c@savedauthor=\count358
\c@bookauthor=\count359
\c@savedbookauthor=\count360
\c@commentator=\count361
\c@savedcommentator=\count362
\c@editor=\count363
\c@savededitor=\count364
\c@editora=\count365
\c@savededitora=\count366
\c@editorb=\count367
\c@savededitorb=\count368
\c@editorc=\count369
\c@savededitorc=\count370
\c@foreword=\count371
\c@savedforeword=\count372
\c@holder=\count373
\c@savedholder=\count374
\c@introduction=\count375
\c@savedintroduction=\count376
\c@namea=\count377
\c@savednamea=\count378
\c@nameb=\count379
\c@savednameb=\count380
\c@namec=\count381
\c@savednamec=\count382
\c@translator=\count383
\c@savedtranslator=\count384
\c@shortauthor=\count385
\c@savedshortauthor=\count386
\c@shorteditor=\count387
\c@savedshorteditor=\count388
\c@labelname=\count389
\c@savedlabelname=\count390
\c@institution=\count391
\c@savedinstitution=\count392
\c@lista=\count393
\c@savedlista=\count394
\c@listb=\count395
\c@savedlistb=\count396
\c@listc=\count397
\c@savedlistc=\count398
\c@listd=\count399
\c@savedlistd=\count400
\c@liste=\count401
\c@savedliste=\count402
\c@listf=\count403
\c@savedlistf=\count404
\c@location=\count405
\c@savedlocation=\count406
\c@organization=\count407
\c@savedorganization=\count408
\c@origlocation=\count409
\c@savedoriglocation=\count410
\c@origpublisher=\count411
\c@savedorigpublisher=\count412
\c@publisher=\count413
\c@savedpublisher=\count414
\c@language=\count415
\c@savedlanguage=\count416
\c@origlanguage=\count417
\c@savedoriglanguage=\count418
\c@pageref=\count419
\c@savedpageref=\count420
\shorthandwidth=\skip66
\shortjournalwidth=\skip67
\shortserieswidth=\skip68
\shorttitlewidth=\skip69
\shortauthorwidth=\skip70
\shorteditorwidth=\skip71
\locallabelnumberwidth=\skip72
\locallabelalphawidth=\skip73
\localshorthandwidth=\skip74
\localshortjournalwidth=\skip75
\localshortserieswidth=\skip76
\localshorttitlewidth=\skip77
\localshortauthorwidth=\skip78
\localshorteditorwidth=\skip79
Package biblatex Info: Trying to load compatibility code...
Package biblatex Info: ... file 'blx-compat.def' found.

(C:\Users\Raphael\AppData\Local\Programs\MiKTeX\tex/latex/biblatex\blx-compat.d
ef
File: blx-compat.def 2025/07/10 v3.21 biblatex compatibility (PK/MW)
)
Package biblatex Info: Trying to load BibTeX backend compatibility...
Package biblatex Info: ... file 'blx-bibtex.def' found.

(C:\Users\Raphael\AppData\Local\Programs\MiKTeX\tex/latex/biblatex\blx-bibtex.d
ef
File: blx-bibtex.def 2025/07/10 v3.21 biblatex compatibility (PK/MW)


Package biblatex Warning: Using fall-back bibtex backend:
(biblatex)                functionality may be reduced/unavailable.

)
Package biblatex Info: Trying to load generic definitions...
Package biblatex Info: ... file 'biblatex.def' found.

(C:\Users\Raphael\AppData\Local\Programs\MiKTeX\tex/latex/biblatex\biblatex.def
File: biblatex.def 2025/07/10 v3.21 biblatex compatibility (PK/MW)
\c@textcitecount=\count421
\c@textcitetotal=\count422
\c@textcitemaxnames=\count423
\c@biburlbigbreakpenalty=\count424
\c@biburlbreakpenalty=\count425
\c@biburlnumpenalty=\count426
\c@biburlucpenalty=\count427
\c@biburllcpenalty=\count428
\biburlbigskip=\muskip18
\biburlnumskip=\muskip19
\biburlucskip=\muskip20
\biburllcskip=\muskip21
\c@smartand=\count429
)
Package biblatex Info: Trying to load bibliography style 'alphabetic'...
Package biblatex Info: ... file 'alphabetic.bbx' found.

(C:\Users\Raphael\AppData\Local\Programs\MiKTeX\tex/latex/biblatex/bbx\alphabet
ic.bbx
File: alphabetic.bbx 2025/07/10 v3.21 biblatex bibliography style (PK/MW)
Package biblatex Info: Trying to load bibliography style 'standard'...
Package biblatex Info: ... file 'standard.bbx' found.

(C:\Users\Raphael\AppData\Local\Programs\MiKTeX\tex/latex/biblatex/bbx\standard
.bbx
File: standard.bbx 2025/07/10 v3.21 biblatex bibliography style (PK/MW)
\c@bbx:relatedcount=\count430
\c@bbx:relatedtotal=\count431
))
Package biblatex Info: Trying to load citation style 'alphabetic'...
Package biblatex Info: ... file 'alphabetic.cbx' found.

(C:\Users\Raphael\AppData\Local\Programs\MiKTeX\tex/latex/biblatex/cbx\alphabet
ic.cbx
File: alphabetic.cbx 2025/07/10 v3.21 biblatex citation style (PK/MW)
Package biblatex Info: Redefining '\cite'.
Package biblatex Info: Redefining '\parencite'.
Package biblatex Info: Redefining '\footcite'.
Package biblatex Info: Redefining '\footcitetext'.
Package biblatex Info: Redefining '\smartcite'.
Package biblatex Info: Redefining '\textcite'.
Package biblatex Info: Redefining '\textcites'.
Package biblatex Info: Redefining '\cites'.
Package biblatex Info: Redefining '\parencites'.
Package biblatex Info: Redefining '\smartcites'.
)
Package biblatex Info: Trying to load configuration file...
Package biblatex Info: ... file 'biblatex.cfg' found.

(C:\Users\Raphael\AppData\Local\Programs\MiKTeX\tex/latex/biblatex\biblatex.cfg
File: biblatex.cfg 
)
Package biblatex Info: Input encoding 'utf8' detected.
Package biblatex Info: Document encoding is UTF8 ....
Package biblatex Info: ... and expl3
(biblatex)             2025-12-24 L3 programming layer (loader) 
(biblatex)             is new enough (at least 2020/04/06),
(biblatex)             setting 'casechanger=expl3'.

(C:\Users\Raphael\AppData\Local\Programs\MiKTeX\tex/latex/biblatex\blx-case-exp
l3.sty
(C:\Users\Raphael\AppData\Local\Programs\MiKTeX\tex/latex/l3packages/xparse\xpa
rse.sty
Package: xparse 2025-10-09 L3 Experimental document command parser
)
Package: blx-case-expl3 2025/07/10 v3.21 expl3 case changing code for biblatex
))
\randRechtsAussen=\skip80
\randLinksInnen=\skip81

(C:\Users\Raphael\AppData\Local\Programs\MiKTeX\tex/latex/geometry\geometry.sty
Package: geometry 2026/03/07 v6.0 Page Geometry
(C:\Users\Raphael\AppData\Local\Programs\MiKTeX\tex/generic/iftex\ifvtex.sty
Package: ifvtex 2019/10/25 v1.7 ifvtex legacy package. Use iftex instead.
)
\Gm@cnth=\count432
\Gm@cntv=\count433
\c@Gm@tempcnt=\count434
\Gm@bindingoffset=\dimen164
\Gm@wd@mp=\dimen165
\Gm@odd@mp=\dimen166
\Gm@even@mp=\dimen167
\Gm@layoutwidth=\dimen168
\Gm@layoutheight=\dimen169
\Gm@layouthoffset=\dimen170
\Gm@layoutvoffset=\dimen171
\Gm@dimlist=\toks24

(C:\Users\Raphael\AppData\Local\Programs\MiKTeX\tex/latex/geometry\geometry.cfg
))
(C:\Users\Raphael\AppData\Local\Programs\MiKTeX\tex/latex/eurosym\eurosym.sty
Package: eurosym 1998/08/06 v1.1 European currency symbol ``Euro''
\@eurobox=\box54
)
(C:\Users\Raphael\AppData\Local\Programs\MiKTeX\tex/latex/bbding\bbding.sty
Package: bbding 1999/04/15 v1.01 Dingbats symbols
)
(C:\Users\Raphael\AppData\Local\Programs\MiKTeX\tex/latex/xcolor\xcolor.sty
Package: xcolor 2024/09/29 v3.02 LaTeX color extensions (UK)

(C:\Users\Raphael\AppData\Local\Programs\MiKTeX\tex/latex/graphics-cfg\color.cf
g
File: color.cfg 2016/01/02 v1.6 sample color configuration
)
Package xcolor Info: Driver file: pdftex.def on input line 274.

(C:\Users\Raphael\AppData\Local\Programs\MiKTeX\tex/latex/graphics-def\pdftex.d
ef
File: pdftex.def 2025/09/29 v1.2d Graphics/color driver for pdftex
)
(C:\Users\Raphael\AppData\Local\Programs\MiKTeX\tex/latex/graphics\mathcolor.lt
x)
Package xcolor Info: Model `cmy' substituted by `cmy0' on input line 1349.
Package xcolor Info: Model `hsb' substituted by `rgb' on input line 1353.
Package xcolor Info: Model `RGB' extended on input line 1365.
Package xcolor Info: Model `HTML' substituted by `rgb' on input line 1367.
Package xcolor Info: Model `Hsb' substituted by `hsb' on input line 1368.
Package xcolor Info: Model `tHsb' substituted by `hsb' on input line 1369.
Package xcolor Info: Model `HSB' substituted by `hsb' on input line 1370.
Package xcolor Info: Model `Gray' substituted by `gray' on input line 1371.
Package xcolor Info: Model `wave' substituted by `hsb' on input line 1372.
)
(C:\Users\Raphael\AppData\Local\Programs\MiKTeX\tex/latex/colortbl\colortbl.sty
Package: colortbl 2024/10/29 v1.0k Color table columns (DPC)
(C:\Users\Raphael\AppData\Local\Programs\MiKTeX\tex/latex/tools\array.sty
Package: array 2025/09/25 v2.6n Tabular extension package (FMi)
\col@sep=\dimen172
\ar@mcellbox=\box55
\extrarowheight=\dimen173
\NC@list=\toks25
\extratabsurround=\skip82
\backup@length=\skip83
\ar@cellbox=\box56
)
\everycr=\toks26
\minrowclearance=\skip84
\rownum=\count435
)
(C:\Users\Raphael\AppData\Local\Programs\MiKTeX\tex/latex/fancyhdr\fancyhdr.sty
Package: fancyhdr 2025/02/07 v5.2 Extensive control of page headers and footers

\f@nch@headwidth=\skip85
\f@nch@offset@elh=\skip86
\f@nch@offset@erh=\skip87
\f@nch@offset@olh=\skip88
\f@nch@offset@orh=\skip89
\f@nch@offset@elf=\skip90
\f@nch@offset@erf=\skip91
\f@nch@offset@olf=\skip92
\f@nch@offset@orf=\skip93
\f@nch@height=\skip94
\f@nch@footalignment=\skip95
\f@nch@widthL=\skip96
\f@nch@widthC=\skip97
\f@nch@widthR=\skip98
\@temptokenb=\toks27
)
\headerbuwlogowidth=\skip99
\headertextsecondaryheight=\skip100
\headerPrimaryWidth=\skip101
\headerSecondaryWidth=\skip102

(C:\Users\Raphael\AppData\Local\Programs\MiKTeX\tex/latex/titlesec\titlesec.sty
Package: titlesec 2025/01/04 v2.17 Sectioning titles
\ttl@box=\box57
\beforetitleunit=\skip103
\aftertitleunit=\skip104
\ttl@plus=\dimen174
\ttl@minus=\dimen175
\ttl@toksa=\toks28
\titlewidth=\dimen176
\titlewidthlast=\dimen177
\titlewidthfirst=\dimen178
)
(C:\Users\Raphael\AppData\Local\Programs\MiKTeX\tex/latex/graphics\graphicx.sty
Package: graphicx 2024/12/31 v1.2e Enhanced LaTeX Graphics (DPC,SPQR)

(C:\Users\Raphael\AppData\Local\Programs\MiKTeX\tex/latex/graphics\graphics.sty
Package: graphics 2024/08/06 v1.4g Standard LaTeX Graphics (DPC,SPQR)
(C:\Users\Raphael\AppData\Local\Programs\MiKTeX\tex/latex/graphics\trig.sty
Package: trig 2023/12/02 v1.11 sin cos tan (DPC)
)
(C:\Users\Raphael\AppData\Local\Programs\MiKTeX\tex/latex/graphics-cfg\graphics
.cfg
File: graphics.cfg 2016/06/04 v1.11 sample graphics configuration
)
Package graphics Info: Driver file: pdftex.def on input line 106.
)
\Gin@req@height=\dimen179
\Gin@req@width=\dimen180
)
(C:\Users\Raphael\AppData\Local\Programs\MiKTeX\tex/latex/pdfpages\pdfpages.sty
Package: pdfpages 2026/03/30 v0.6h Insert pages of external PDF documents (AM)
(C:\Users\Raphael\AppData\Local\Programs\MiKTeX\tex/latex/eso-pic\eso-pic.sty
Package: eso-pic 2025/12/10 v3.0d eso-pic (RN)
\ESO@tempdima=\dimen181
\ESO@tempdimb=\dimen182
)
\AM@pagewidth=\dimen183
\AM@pageheight=\dimen184
\AM@fboxrule=\dimen185

(C:\Users\Raphael\AppData\Local\Programs\MiKTeX\tex/latex/pdfpages\pppdftex.def
File: pppdftex.def 2026/03/30 v0.6h Pdfpages driver for pdfTeX (AM)
)
\pdfpages@includegraphics@status=\count436
\AM@pagebox=\box58
\AM@global@opts=\toks29
\AM@pagecnt=\count437
\AM@toc@title=\toks30
\AM@lof@heading=\toks31
\c@AM@survey=\count438
\AM@templatesizebox=\box59
)
(C:\Users\Raphael\AppData\Local\Programs\MiKTeX\tex/latex/pgf/frontendlayer\tik
z.sty
(C:\Users\Raphael\AppData\Local\Programs\MiKTeX\tex/latex/pgf/basiclayer\pgf.st
y
(C:\Users\Raphael\AppData\Local\Programs\MiKTeX\tex/latex/pgf/utilities\pgfrcs.
sty
(C:\Users\Raphael\AppData\Local\Programs\MiKTeX\tex/generic/pgf/utilities\pgfut
il-common.tex
\pgfutil@everybye=\toks32
\pgfutil@tempdima=\dimen186
\pgfutil@tempdimb=\dimen187
)
(C:\Users\Raphael\AppData\Local\Programs\MiKTeX\tex/generic/pgf/utilities\pgfut
il-latex.def
\pgfutil@abb=\box60
)
(C:\Users\Raphael\AppData\Local\Programs\MiKTeX\tex/generic/pgf/utilities\pgfrc
s.code.tex
(C:\Users\Raphael\AppData\Local\Programs\MiKTeX\tex/generic/pgf\pgf.revision.te
x)
Package: pgfrcs 2025-08-29 v3.1.11a (3.1.11a)
))
Package: pgf 2025-08-29 v3.1.11a (3.1.11a)

(C:\Users\Raphael\AppData\Local\Programs\MiKTeX\tex/latex/pgf/basiclayer\pgfcor
e.sty
(C:\Users\Raphael\AppData\Local\Programs\MiKTeX\tex/latex/pgf/systemlayer\pgfsy
s.sty
(C:\Users\Raphael\AppData\Local\Programs\MiKTeX\tex/generic/pgf/systemlayer\pgf
sys.code.tex
Package: pgfsys 2025-08-29 v3.1.11a (3.1.11a)

(C:\Users\Raphael\AppData\Local\Programs\MiKTeX\tex/generic/pgf/utilities\pgfke
ys.code.tex
\pgfkeys@pathtoks=\toks33
\pgfkeys@temptoks=\toks34

(C:\Users\Raphael\AppData\Local\Programs\MiKTeX\tex/generic/pgf/utilities\pgfke
yslibraryfiltered.code.tex
\pgfkeys@tmptoks=\toks35
))
\pgf@x=\dimen188
\pgf@y=\dimen189
\pgf@xa=\dimen190
\pgf@ya=\dimen191
\pgf@xb=\dimen192
\pgf@yb=\dimen193
\pgf@xc=\dimen194
\pgf@yc=\dimen195
\pgf@xd=\dimen196
\pgf@yd=\dimen197
\w@pgf@writea=\write4
\r@pgf@reada=\read4
\c@pgf@counta=\count439
\c@pgf@countb=\count440
\c@pgf@countc=\count441
\c@pgf@countd=\count442
\t@pgf@toka=\toks36
\t@pgf@tokb=\toks37
\t@pgf@tokc=\toks38
\pgf@sys@id@count=\count443

(C:\Users\Raphael\AppData\Local\Programs\MiKTeX\tex/generic/pgf/systemlayer\pgf
.cfg
File: pgf.cfg 2025-08-29 v3.1.11a (3.1.11a)
)
Driver file for pgf: pgfsys-pdftex.def

(C:\Users\Raphael\AppData\Local\Programs\MiKTeX\tex/generic/pgf/systemlayer\pgf
sys-pdftex.def
File: pgfsys-pdftex.def 2025-08-29 v3.1.11a (3.1.11a)

(C:\Users\Raphael\AppData\Local\Programs\MiKTeX\tex/generic/pgf/systemlayer\pgf
sys-common-pdf.def
File: pgfsys-common-pdf.def 2025-08-29 v3.1.11a (3.1.11a)
)))
(C:\Users\Raphael\AppData\Local\Programs\MiKTeX\tex/generic/pgf/systemlayer\pgf
syssoftpath.code.tex
File: pgfsyssoftpath.code.tex 2025-08-29 v3.1.11a (3.1.11a)
\pgfsyssoftpath@smallbuffer@items=\count444
\pgfsyssoftpath@bigbuffer@items=\count445
)
(C:\Users\Raphael\AppData\Local\Programs\MiKTeX\tex/generic/pgf/systemlayer\pgf
sysprotocol.code.tex
File: pgfsysprotocol.code.tex 2025-08-29 v3.1.11a (3.1.11a)
))
(C:\Users\Raphael\AppData\Local\Programs\MiKTeX\tex/generic/pgf/basiclayer\pgfc
ore.code.tex
Package: pgfcore 2025-08-29 v3.1.11a (3.1.11a)

(C:\Users\Raphael\AppData\Local\Programs\MiKTeX\tex/generic/pgf/math\pgfmath.co
de.tex
(C:\Users\Raphael\AppData\Local\Programs\MiKTeX\tex/generic/pgf/math\pgfmathuti
l.code.tex)
(C:\Users\Raphael\AppData\Local\Programs\MiKTeX\tex/generic/pgf/math\pgfmathpar
ser.code.tex
\pgfmath@dimen=\dimen198
\pgfmath@count=\count446
\pgfmath@box=\box61
\pgfmath@toks=\toks39
\pgfmath@stack@operand=\toks40
\pgfmath@stack@operation=\toks41
)
(C:\Users\Raphael\AppData\Local\Programs\MiKTeX\tex/generic/pgf/math\pgfmathfun
ctions.code.tex)
(C:\Users\Raphael\AppData\Local\Programs\MiKTeX\tex/generic/pgf/math\pgfmathfun
ctions.basic.code.tex)
(C:\Users\Raphael\AppData\Local\Programs\MiKTeX\tex/generic/pgf/math\pgfmathfun
ctions.trigonometric.code.tex)
(C:\Users\Raphael\AppData\Local\Programs\MiKTeX\tex/generic/pgf/math\pgfmathfun
ctions.random.code.tex)
(C:\Users\Raphael\AppData\Local\Programs\MiKTeX\tex/generic/pgf/math\pgfmathfun
ctions.comparison.code.tex)
(C:\Users\Raphael\AppData\Local\Programs\MiKTeX\tex/generic/pgf/math\pgfmathfun
ctions.base.code.tex)
(C:\Users\Raphael\AppData\Local\Programs\MiKTeX\tex/generic/pgf/math\pgfmathfun
ctions.round.code.tex)
(C:\Users\Raphael\AppData\Local\Programs\MiKTeX\tex/generic/pgf/math\pgfmathfun
ctions.misc.code.tex)
(C:\Users\Raphael\AppData\Local\Programs\MiKTeX\tex/generic/pgf/math\pgfmathfun
ctions.integerarithmetics.code.tex)
(C:\Users\Raphael\AppData\Local\Programs\MiKTeX\tex/generic/pgf/math\pgfmathcal
c.code.tex)
(C:\Users\Raphael\AppData\Local\Programs\MiKTeX\tex/generic/pgf/math\pgfmathflo
at.code.tex
\c@pgfmathroundto@lastzeros=\count447
))
(C:\Users\Raphael\AppData\Local\Programs\MiKTeX\tex/generic/pgf/math\pgfint.cod
e.tex)
(C:\Users\Raphael\AppData\Local\Programs\MiKTeX\tex/generic/pgf/basiclayer\pgfc
orepoints.code.tex
File: pgfcorepoints.code.tex 2025-08-29 v3.1.11a (3.1.11a)
\pgf@picminx=\dimen199
\pgf@picmaxx=\dimen256
\pgf@picminy=\dimen257
\pgf@picmaxy=\dimen258
\pgf@pathminx=\dimen259
\pgf@pathmaxx=\dimen260
\pgf@pathminy=\dimen261
\pgf@pathmaxy=\dimen262
\pgf@xx=\dimen263
\pgf@xy=\dimen264
\pgf@yx=\dimen265
\pgf@yy=\dimen266
\pgf@zx=\dimen267
\pgf@zy=\dimen268
)
(C:\Users\Raphael\AppData\Local\Programs\MiKTeX\tex/generic/pgf/basiclayer\pgfc
orepathconstruct.code.tex
File: pgfcorepathconstruct.code.tex 2025-08-29 v3.1.11a (3.1.11a)
\pgf@path@lastx=\dimen269
\pgf@path@lasty=\dimen270
)
(C:\Users\Raphael\AppData\Local\Programs\MiKTeX\tex/generic/pgf/basiclayer\pgfc
orepathusage.code.tex
File: pgfcorepathusage.code.tex 2025-08-29 v3.1.11a (3.1.11a)
\pgf@shorten@end@additional=\dimen271
\pgf@shorten@start@additional=\dimen272
)
(C:\Users\Raphael\AppData\Local\Programs\MiKTeX\tex/generic/pgf/basiclayer\pgfc
orescopes.code.tex
File: pgfcorescopes.code.tex 2025-08-29 v3.1.11a (3.1.11a)
\pgfpic=\box62
\pgf@hbox=\box63
\pgf@layerbox@main=\box64
\pgf@picture@serial@count=\count448
)
(C:\Users\Raphael\AppData\Local\Programs\MiKTeX\tex/generic/pgf/basiclayer\pgfc
oregraphicstate.code.tex
File: pgfcoregraphicstate.code.tex 2025-08-29 v3.1.11a (3.1.11a)
\pgflinewidth=\dimen273
)
(C:\Users\Raphael\AppData\Local\Programs\MiKTeX\tex/generic/pgf/basiclayer\pgfc
oretransformations.code.tex
File: pgfcoretransformations.code.tex 2025-08-29 v3.1.11a (3.1.11a)
\pgf@pt@x=\dimen274
\pgf@pt@y=\dimen275
\pgf@pt@temp=\dimen276
)
(C:\Users\Raphael\AppData\Local\Programs\MiKTeX\tex/generic/pgf/basiclayer\pgfc
orequick.code.tex
File: pgfcorequick.code.tex 2025-08-29 v3.1.11a (3.1.11a)
)
(C:\Users\Raphael\AppData\Local\Programs\MiKTeX\tex/generic/pgf/basiclayer\pgfc
oreobjects.code.tex
File: pgfcoreobjects.code.tex 2025-08-29 v3.1.11a (3.1.11a)
)
(C:\Users\Raphael\AppData\Local\Programs\MiKTeX\tex/generic/pgf/basiclayer\pgfc
orepathprocessing.code.tex
File: pgfcorepathprocessing.code.tex 2025-08-29 v3.1.11a (3.1.11a)
)
(C:\Users\Raphael\AppData\Local\Programs\MiKTeX\tex/generic/pgf/basiclayer\pgfc
orearrows.code.tex
File: pgfcorearrows.code.tex 2025-08-29 v3.1.11a (3.1.11a)
\pgfarrowsep=\dimen277
)
(C:\Users\Raphael\AppData\Local\Programs\MiKTeX\tex/generic/pgf/basiclayer\pgfc
oreshade.code.tex
File: pgfcoreshade.code.tex 2025-08-29 v3.1.11a (3.1.11a)
\pgf@max=\dimen278
\pgf@sys@shading@range@num=\count449
\pgf@shadingcount=\count450
)
(C:\Users\Raphael\AppData\Local\Programs\MiKTeX\tex/generic/pgf/basiclayer\pgfc
oreimage.code.tex
File: pgfcoreimage.code.tex 2025-08-29 v3.1.11a (3.1.11a)
)
(C:\Users\Raphael\AppData\Local\Programs\MiKTeX\tex/generic/pgf/basiclayer\pgfc
oreexternal.code.tex
File: pgfcoreexternal.code.tex 2025-08-29 v3.1.11a (3.1.11a)
\pgfexternal@startupbox=\box65
)
(C:\Users\Raphael\AppData\Local\Programs\MiKTeX\tex/generic/pgf/basiclayer\pgfc
orelayers.code.tex
File: pgfcorelayers.code.tex 2025-08-29 v3.1.11a (3.1.11a)
)
(C:\Users\Raphael\AppData\Local\Programs\MiKTeX\tex/generic/pgf/basiclayer\pgfc
oretransparency.code.tex
File: pgfcoretransparency.code.tex 2025-08-29 v3.1.11a (3.1.11a)
)
(C:\Users\Raphael\AppData\Local\Programs\MiKTeX\tex/generic/pgf/basiclayer\pgfc
orepatterns.code.tex
File: pgfcorepatterns.code.tex 2025-08-29 v3.1.11a (3.1.11a)
)
(C:\Users\Raphael\AppData\Local\Programs\MiKTeX\tex/generic/pgf/basiclayer\pgfc
orerdf.code.tex
File: pgfcorerdf.code.tex 2025-08-29 v3.1.11a (3.1.11a)
)))
(C:\Users\Raphael\AppData\Local\Programs\MiKTeX\tex/generic/pgf/modules\pgfmodu
leshapes.code.tex
File: pgfmoduleshapes.code.tex 2025-08-29 v3.1.11a (3.1.11a)
\pgfnodeparttextbox=\box66
)
(C:\Users\Raphael\AppData\Local\Programs\MiKTeX\tex/generic/pgf/modules\pgfmodu
leplot.code.tex
File: pgfmoduleplot.code.tex 2025-08-29 v3.1.11a (3.1.11a)
)
(C:\Users\Raphael\AppData\Local\Programs\MiKTeX\tex/latex/pgf/compatibility\pgf
comp-version-0-65.sty
Package: pgfcomp-version-0-65 2025-08-29 v3.1.11a (3.1.11a)
\pgf@nodesepstart=\dimen279
\pgf@nodesepend=\dimen280
)
(C:\Users\Raphael\AppData\Local\Programs\MiKTeX\tex/latex/pgf/compatibility\pgf
comp-version-1-18.sty
Package: pgfcomp-version-1-18 2025-08-29 v3.1.11a (3.1.11a)
))
(C:\Users\Raphael\AppData\Local\Programs\MiKTeX\tex/latex/pgf/utilities\pgffor.
sty
(C:\Users\Raphael\AppData\Local\Programs\MiKTeX\tex/latex/pgf/utilities\pgfkeys
.sty
(C:\Users\Raphael\AppData\Local\Programs\MiKTeX\tex/generic/pgf/utilities\pgfke
ys.code.tex))
(C:\Users\Raphael\AppData\Local\Programs\MiKTeX\tex/latex/pgf/math\pgfmath.sty
(C:\Users\Raphael\AppData\Local\Programs\MiKTeX\tex/generic/pgf/math\pgfmath.co
de.tex))
(C:\Users\Raphael\AppData\Local\Programs\MiKTeX\tex/generic/pgf/utilities\pgffo
r.code.tex
Package: pgffor 2025-08-29 v3.1.11a (3.1.11a)
\pgffor@iter=\dimen281
\pgffor@skip=\dimen282
\pgffor@stack=\toks42
\pgffor@toks=\toks43
))
(C:\Users\Raphael\AppData\Local\Programs\MiKTeX\tex/generic/pgf/frontendlayer/t
ikz\tikz.code.tex
Package: tikz 2025-08-29 v3.1.11a (3.1.11a)

(C:\Users\Raphael\AppData\Local\Programs\MiKTeX\tex/generic/pgf/libraries\pgfli
braryplothandlers.code.tex
File: pgflibraryplothandlers.code.tex 2025-08-29 v3.1.11a (3.1.11a)
\pgf@plot@mark@count=\count451
\pgfplotmarksize=\dimen283
)
\tikz@lastx=\dimen284
\tikz@lasty=\dimen285
\tikz@lastxsaved=\dimen286
\tikz@lastysaved=\dimen287
\tikz@lastmovetox=\dimen288
\tikz@lastmovetoy=\dimen289
\tikzleveldistance=\dimen290
\tikzsiblingdistance=\dimen291
\tikz@figbox=\box67
\tikz@figbox@bg=\box68
\tikz@tempbox=\box69
\tikz@tempbox@bg=\box70
\tikztreelevel=\count452
\tikznumberofchildren=\count453
\tikznumberofcurrentchild=\count454
\tikz@fig@count=\count455

(C:\Users\Raphael\AppData\Local\Programs\MiKTeX\tex/generic/pgf/modules\pgfmodu
lematrix.code.tex
File: pgfmodulematrix.code.tex 2025-08-29 v3.1.11a (3.1.11a)
\pgfmatrixcurrentrow=\count456
\pgfmatrixcurrentcolumn=\count457
\pgf@matrix@numberofcolumns=\count458
)
\tikz@expandcount=\count459

(C:\Users\Raphael\AppData\Local\Programs\MiKTeX\tex/generic/pgf/frontendlayer/t
ikz/libraries\tikzlibrarytopaths.code.tex
File: tikzlibrarytopaths.code.tex 2025-08-29 v3.1.11a (3.1.11a)
)))
(C:\Users\Raphael\AppData\Local\Programs\MiKTeX\tex/latex/siunitx\siunitx.sty
Package: siunitx 2026-05-15 v3.5.5 A comprehensive (SI) units package
\l__siunitx_number_uncert_offset_int=\count460
\l__siunitx_number_exponent_fixed_int=\count461
\l__siunitx_number_min_decimal_int=\count462
\l__siunitx_number_min_integer_int=\count463
\l__siunitx_number_round_precision_int=\count464
\l__siunitx_number_lower_threshold_int=\count465
\l__siunitx_number_upper_threshold_int=\count466
\l__siunitx_number_group_first_int=\count467
\l__siunitx_number_group_size_int=\count468
\l__siunitx_number_group_min_int=\count469
\l__siunitx_number_group_minimum_int=\count470
\l__siunitx_compound_count_int=\count471

(C:\Users\Raphael\AppData\Local\Programs\MiKTeX\tex/latex/amsmath\amstext.sty
Package: amstext 2024/11/17 v2.01 AMS text

(C:\Users\Raphael\AppData\Local\Programs\MiKTeX\tex/latex/amsmath\amsgen.sty
File: amsgen.sty 1999/11/30 v2.0 generic functions
\@emptytoks=\toks44
\ex@=\dimen292
))
\l__siunitx_table_tmp_box=\box71
\l__siunitx_table_tmp_dim=\dimen293
\l__siunitx_table_column_width_dim=\dimen294
\l__siunitx_table_integer_box=\box72
\l__siunitx_table_decimal_box=\box73
\l__siunitx_table_uncert_box=\box74
\l__siunitx_table_before_box=\box75
\l__siunitx_table_after_box=\box76
\l__siunitx_table_before_dim=\dimen295
\l__siunitx_table_carry_dim=\dimen296
\l__siunitx_unit_tmp_int=\count472
\l__siunitx_unit_position_int=\count473
\l__siunitx_unit_total_int=\count474
\l__siunitx_sexagesimal_tmp_dim=\dimen297
\l__siunitx_sexagesimal_marker_box=\box77
\l__siunitx_sexagesimal_unit_box=\box78
)
(C:\Users\Raphael\AppData\Local\Programs\MiKTeX\tex/latex/listings\listings.sty
\lst@mode=\count475
\lst@gtempboxa=\box79
\lst@token=\toks45
\lst@length=\count476
\lst@currlwidth=\dimen298
\lst@column=\count477
\lst@pos=\count478
\lst@lostspace=\dimen299
\lst@width=\dimen300
\lst@newlines=\count479
\lst@lineno=\count480
\lst@maxwidth=\dimen301

(C:\Users\Raphael\AppData\Local\Programs\MiKTeX\tex/latex/listings\lstpatch.sty
File: lstpatch.sty 2025/11/14 1.11b (Carsten Heinz)
)
(C:\Users\Raphael\AppData\Local\Programs\MiKTeX\tex/latex/listings\lstmisc.sty
File: lstmisc.sty 2025/11/14 1.11b (Carsten Heinz)
\c@lstnumber=\count481
\lst@skipnumbers=\count482
\lst@framebox=\box80
)
(C:\Users\Raphael\AppData\Local\Programs\MiKTeX\tex/latex/listings\listings.cfg
File: listings.cfg 2025/11/14 1.11b listings configuration
))
Package: listings 2025/11/14 1.11b (Carsten Heinz)

==> First Aid for listings.sty no longer applied!
    Expected:
        2024/09/23 1.10c (Carsten Heinz)
    but found:
        2025/11/14 1.11b (Carsten Heinz)
    so I'm assuming it got fixed.
(C:\Users\Raphael\AppData\Local\Programs\MiKTeX\tex/latex/caption\caption.sty
Package: caption 2023/08/05 v3.6o Customizing captions (AR)

(C:\Users\Raphael\AppData\Local\Programs\MiKTeX\tex/latex/caption\caption3.sty
Package: caption3 2023/07/31 v2.4d caption3 kernel (AR)
\caption@tempdima=\dimen302
\captionmargin=\dimen303
\caption@leftmargin=\dimen304
\caption@rightmargin=\dimen305
\caption@width=\dimen306
\caption@indent=\dimen307
\caption@parindent=\dimen308
\caption@hangindent=\dimen309
Package caption Info: Standard document class detected.
Package caption Info: french babel package is loaded.
)
\c@caption@flags=\count483
\c@continuedfloat=\count484
Package caption Info: listings package is loaded.
)
(C:\Users\Raphael\AppData\Local\Programs\MiKTeX\tex/latex/caption\subcaption.st
y
Package: subcaption 2023/07/28 v1.6b Sub-captions (AR)
Package caption Info: New subtype `subfigure' on input line 238.
\c@subfigure=\count485
Package caption Info: New subtype `subtable' on input line 238.
\c@subtable=\count486
)
(C:\Users\Raphael\AppData\Local\Programs\MiKTeX\tex/latex/hyperref\nameref.sty
Package: nameref 2025-06-21 v2.57 Cross-referencing by name of section

(C:\Users\Raphael\AppData\Local\Programs\MiKTeX\tex/latex/refcount\refcount.sty
Package: refcount 2019/12/15 v3.6 Data extraction from label references (HO)
)
(C:\Users\Raphael\AppData\Local\Programs\MiKTeX\tex/generic/gettitlestring\gett
itlestring.sty
Package: gettitlestring 2019/12/15 v1.6 Cleanup title references (HO)
)
\c@section@level=\count487
)
(C:\Users\Raphael\AppData\Local\Programs\MiKTeX\tex/latex/hyperref\hyperref.sty
Package: hyperref 2025-07-12 v7.01o Hypertext links for LaTeX

(C:\Users\Raphael\AppData\Local\Programs\MiKTeX\tex/generic/kvdefinekeys\kvdefi
nekeys.sty
Package: kvdefinekeys 2019-12-19 v1.6 Define keys (HO)
)
(C:\Users\Raphael\AppData\Local\Programs\MiKTeX\tex/generic/pdfescape\pdfescape
.sty
Package: pdfescape 2019/12/09 v1.15 Implements pdfTeX's escape features (HO)
)
(C:\Users\Raphael\AppData\Local\Programs\MiKTeX\tex/latex/hycolor\hycolor.sty
Package: hycolor 2020-01-27 v1.10 Color options for hyperref/bookmark (HO)
)
(C:\Users\Raphael\AppData\Local\Programs\MiKTeX\tex/generic/stringenc\stringenc
.sty
Package: stringenc 2019/11/29 v1.12 Convert strings between diff. encodings (HO
)
)
\@linkdim=\dimen310
\Hy@linkcounter=\count488
\Hy@pagecounter=\count489

(C:\Users\Raphael\AppData\Local\Programs\MiKTeX\tex/latex/hyperref\pd1enc.def
File: pd1enc.def 2025-07-12 v7.01o Hyperref: PDFDocEncoding definition (HO)
Now handling font encoding PD1 ...
... no UTF-8 mapping file for font encoding PD1
)
(C:\Users\Raphael\AppData\Local\Programs\MiKTeX\tex/generic/intcalc\intcalc.sty
Package: intcalc 2019/12/15 v1.3 Expandable calculations with integers (HO)
)
\Hy@SavedSpaceFactor=\count490
 (C:\Users\Raphael\AppData\Local\Programs\MiKTeX\tex/latex/hyperref\puenc.def
File: puenc.def 2025-07-12 v7.01o Hyperref: PDF Unicode definition (HO)
Now handling font encoding PU ...
... no UTF-8 mapping file for font encoding PU
)
Package hyperref Info: Hyper figures OFF on input line 4195.
Package hyperref Info: Link nesting OFF on input line 4200.
Package hyperref Info: Hyper index ON on input line 4203.
Package hyperref Info: Plain pages OFF on input line 4210.
Package hyperref Info: Backreferencing OFF on input line 4215.
Package hyperref Info: Implicit mode ON; LaTeX internals redefined.
Package hyperref Info: Bookmarks ON on input line 4462.
\c@Hy@tempcnt=\count491
LaTeX Info: Redefining \url on input line 4801.
\XeTeXLinkMargin=\dimen311
(C:\Users\Raphael\AppData\Local\Programs\MiKTeX\tex/generic/bitset\bitset.sty
Package: bitset 2019/12/09 v1.3 Handle bit-vector datatype (HO)

(C:\Users\Raphael\AppData\Local\Programs\MiKTeX\tex/generic/bigintcalc\bigintca
lc.sty
Package: bigintcalc 2019/12/15 v1.5 Expandable calculations on big integers (HO
)
))
\Fld@menulength=\count492
\Field@Width=\dimen312
\Fld@charsize=\dimen313
Package hyperref Info: Hyper figures OFF on input line 6078.
Package hyperref Info: Link nesting OFF on input line 6083.
Package hyperref Info: Hyper index ON on input line 6086.
Package hyperref Info: backreferencing OFF on input line 6093.
Package hyperref Info: Link coloring OFF on input line 6098.
Package hyperref Info: Link coloring with OCG OFF on input line 6103.
Package hyperref Info: PDF/A mode OFF on input line 6108.
\Hy@abspage=\count493
\c@Item=\count494
\c@Hfootnote=\count495
)
Package hyperref Info: Driver (autodetected): hpdftex.

(C:\Users\Raphael\AppData\Local\Programs\MiKTeX\tex/latex/hyperref\hpdftex.def
File: hpdftex.def 2025-07-12 v7.01o Hyperref driver for pdfTeX
\Fld@listcount=\count496
\c@bookmark@seq@number=\count497

(C:\Users\Raphael\AppData\Local\Programs\MiKTeX\tex/latex/rerunfilecheck\rerunf
ilecheck.sty
Package: rerunfilecheck 2025-06-21 v1.11 Rerun checks for auxiliary files (HO)

(C:\Users\Raphael\AppData\Local\Programs\MiKTeX\tex/generic/uniquecounter\uniqu
ecounter.sty
Package: uniquecounter 2019/12/15 v1.4 Provide unlimited unique counter (HO)
)
Package uniquecounter Info: New unique counter `rerunfilecheck' on input line 2
84.
)
\Hy@SectionHShift=\skip105
)
Package hyperref Info: Option `colorlinks' set `false' on input line 820.
Package hyperref Info: Option `unicode' set `true' on input line 820.
Package hyperref Info: Option `pdftoolbar' set `true' on input line 820.
Package hyperref Info: Option `pdfmenubar' set `true' on input line 820.
Package hyperref Info: Option `pdffitwindow' set `false' on input line 820.
Package hyperref Info: Option `pdfnewwindow' set `true' on input line 820.

(C:\Users\Raphael\AppData\Local\Programs\MiKTeX\tex/latex/glossaries-extra\glos
saries-extra.sty
Package: glossaries-extra 2026/04/21 v2.1 (NLCT)

(C:\Users\Raphael\AppData\Local\Programs\MiKTeX\tex/latex/xkeyval\xkeyval.sty
Package: xkeyval 2022/06/16 v2.9 package option processing (HA)

(C:\Users\Raphael\AppData\Local\Programs\MiKTeX\tex/generic/xkeyval\xkeyval.tex

(C:\Users\Raphael\AppData\Local\Programs\MiKTeX\tex/generic/xkeyval\xkvutils.te
x
\XKV@toks=\toks46
\XKV@tempa@toks=\toks47
)
\XKV@depth=\count498
File: xkeyval.tex 2014/12/03 v2.7a key=value parser (HA)
))
(C:\Users\Raphael\AppData\Local\Programs\MiKTeX\tex/latex/glossaries/base\gloss
aries.sty
Package: glossaries 2026/04/21 v5.1 (NLCT)

(C:\Users\Raphael\AppData\Local\Programs\MiKTeX\tex/latex/mfirstuc\mfirstuc.sty
Package: mfirstuc 2025/04/03 v2.09 (NLCT)
\@glsmfirst=\toks48
\@glsmrest=\toks49
) (C:\Users\Raphael\AppData\Local\Programs\MiKTeX\tex/latex/xfor\xfor.sty
Package: xfor 2009/02/05 v1.05 (NLCT)
)
(C:\Users\Raphael\AppData\Local\Programs\MiKTeX\tex/latex/tracklang\tracklang.s
ty
Package: tracklang 2026/05/24 v1.6.8 (NLCT) Track Languages

(C:\Users\Raphael\AppData\Local\Programs\MiKTeX\tex/generic/tracklang\tracklang
.tex)
Package tracklang Info: Tracking dialect `english' (language `english') on inpu
t line 264.
Package tracklang Info: Tracking dialect `french' (language `french') on input 
line 264.
Package tracklang Info: Tracking dialect `ngerman' (language `german') on input
 line 264.
Package tracklang Info: Tracking dialect `ngerman' (language `german') on input
 line 264.
Package tracklang Info: Tracking dialect `french' (language `french') on input 
line 264.
Package tracklang Info: Tracking dialect `english' (language `english') on inpu
t line 264.
)
(C:\Users\Raphael\AppData\Local\Programs\MiKTeX\tex/latex/glossaries-english\gl
ossaries-english.ldf
File: glossaries-english.ldf 2014/11/23 v1.0
)
(C:\Users\Raphael\AppData\Local\Programs\MiKTeX\tex/latex/glossaries-french\glo
ssaries-french.ldf
File: glossaries-french.ldf 2016/12/12 v1.1
)
(C:\Users\Raphael\AppData\Local\Programs\MiKTeX\tex/latex/glossaries-german\glo
ssaries-german.ldf
File: glossaries-german.ldf 2014/11/23 v1.0
)
(C:\Users\Raphael\AppData\Local\Programs\MiKTeX\tex/latex/datatool\datatool-bas
e.sty
Package: datatool-base 2025/12/04 v3.4.3 (NLCT)

(C:\Users\Raphael\AppData\Local\Programs\MiKTeX\tex/latex/amsmath\amsmath.sty
Package: amsmath 2025/07/09 v2.17z AMS math features
\@mathmargin=\skip106

For additional information on amsmath, use the `?' option.
(C:\Users\Raphael\AppData\Local\Programs\MiKTeX\tex/latex/amsmath\amsbsy.sty
Package: amsbsy 1999/11/29 v1.2d Bold Symbols
\pmbraise@=\dimen314
)
(C:\Users\Raphael\AppData\Local\Programs\MiKTeX\tex/latex/amsmath\amsopn.sty
Package: amsopn 2022/04/08 v2.04 operator names
)
\inf@bad=\count499
LaTeX Info: Redefining \frac on input line 233.
\uproot@=\count500
\leftroot@=\count501
LaTeX Info: Redefining \overline on input line 398.
LaTeX Info: Redefining \colon on input line 409.
\classnum@=\count502
\DOTSCASE@=\count503
LaTeX Info: Redefining \ldots on input line 495.
LaTeX Info: Redefining \dots on input line 498.
LaTeX Info: Redefining \cdots on input line 619.
\Mathstrutbox@=\box81
\strutbox@=\box82
LaTeX Info: Redefining \big on input line 721.
LaTeX Info: Redefining \Big on input line 722.
LaTeX Info: Redefining \bigg on input line 723.
LaTeX Info: Redefining \Bigg on input line 724.
\big@size=\dimen315
LaTeX Font Info:    Redeclaring font encoding OML on input line 742.
LaTeX Font Info:    Redeclaring font encoding OMS on input line 743.
\macc@depth=\count504
LaTeX Info: Redefining \bmod on input line 904.
LaTeX Info: Redefining \pmod on input line 909.
LaTeX Info: Redefining \smash on input line 939.
LaTeX Info: Redefining \relbar on input line 969.
LaTeX Info: Redefining \Relbar on input line 970.
\c@MaxMatrixCols=\count505
\dotsspace@=\muskip22
\c@parentequation=\count506
\dspbrk@lvl=\count507
\tag@help=\toks50
\row@=\count508
\column@=\count509
\maxfields@=\count510
\andhelp@=\toks51
\eqnshift@=\dimen316
\alignsep@=\dimen317
\tagshift@=\dimen318
\tagwidth@=\dimen319
\totwidth@=\dimen320
\lineht@=\dimen321
\@envbody=\toks52
\multlinegap=\skip107
\multlinetaggap=\skip108
\mathdisplay@stack=\toks53
LaTeX Info: Redefining \[ on input line 2950.
LaTeX Info: Redefining \] on input line 2951.
)
\l__datatool_tmpa_int=\count511
\l__datatool_tmpb_int=\count512
\l__datatool_tmpc_int=\count513
\l__datatool_tmpd_int=\count514
\l__datatool_count_int=\count515
\l__datatool_tmp_datatype_int=\count516
\l__datatool_tmpa_dim=\dimen322
\l__datatool_tmpb_dim=\dimen323

(C:\Users\Raphael\AppData\Local\Programs\MiKTeX\tex/latex/datatool\datatool-l3f
p.def
File: datatool-l3fp.def 2025/12/04 v3.4.3 (NLCT)
)
\@dtl@toks=\toks54
\@dtl@tmpcount=\count517
\dtl@tmplength=\skip109
\l__datatool_measure_box=\box83
\dtl@sortresult=\count518

(C:\Users\Raphael\AppData\Local\Programs\MiKTeX\tex/latex/datatool\datatool-utf
8.ldf
File: datatool-utf8.ldf 2025/12/04 v3.4.3 (NLCT)
)
\@dtl@datatype=\count519
\c_datatool_unknown_int=\count520
\l__datatool_year_int=\count521
\l__datatool_month_int=\count522
\l__datatool_day_int=\count523
\l__datatool_hour_int=\count524
\l__datatool_minute_int=\count525
\l__datatool_second_int=\count526
\l__datatool_tzhour_int=\count527
\l__datatool_tzminute_int=\count528
\l__datatool_julian_int=\count529
\l__datatool_local_julian_int=\count530
\l__datatool_prefix_int=\count531
\l__datatool_suffix_int=\count532
\@dtl@foreach@level=\count533


Package tracklang Warning: No `datatool' support for dialect `english'  on inpu
t line 9924.


Package tracklang Warning: No `datatool' support for dialect `french'  on input
 line 9924.


Package tracklang Warning: No `datatool' support for dialect `ngerman'  on inpu
t line 9924.

\dtl@codeA=\count534
\dtl@codeB=\count535
)
\gls@level=\count536
\@gls@tmpb=\toks55
\gls@tmplen=\skip110
\l__glossaries_tmpa_dim=\dimen324
\l__glossaries_tmpb_dim=\dimen325
\glskeylisttok=\toks56
\glslabeltok=\toks57
\glsshorttok=\toks58
\glslongtok=\toks59

(C:\Users\Raphael\AppData\Local\Programs\MiKTeX\tex/latex/glossaries/styles\glo
ssary-hypernav.sty
Package: glossary-hypernav 2026/04/21 v5.1 (NLCT)
)
(C:\Users\Raphael\AppData\Local\Programs\MiKTeX\tex/latex/glossaries/styles\glo
ssary-list.sty
Package: glossary-list 2026/04/21 v5.1 (NLCT)
\glslistdottedwidth=\skip111
)
(C:\Users\Raphael\AppData\Local\Programs\MiKTeX\tex/latex/glossaries/styles\glo
ssary-long.sty
Package: glossary-long 2026/04/21 v5.1 (NLCT)

(C:\Users\Raphael\AppData\Local\Programs\MiKTeX\tex/latex/tools\longtable.sty
Package: longtable 2025-10-13 v4.24 Multi-page Table package (DPC)
\LTleft=\skip112
\LTright=\skip113
\LTpre=\skip114
\LTpost=\skip115
\LTchunksize=\count537
\LTcapwidth=\dimen326
\LT@head=\box84
\LT@firsthead=\box85
\LT@foot=\box86
\LT@lastfoot=\box87
\LT@gbox=\box88
\LT@cols=\count538
\LT@rows=\count539
\c@LT@tables=\count540
\c@LT@chunks=\count541
\LT@p@ftn=\toks60
)
\glsdescwidth=\skip116
\glspagelistwidth=\skip117
)
(C:\Users\Raphael\AppData\Local\Programs\MiKTeX\tex/latex/glossaries/styles\glo
ssary-super.sty
Package: glossary-super 2026/04/21 v5.1 (NLCT)

(C:\Users\Raphael\AppData\Local\Programs\MiKTeX\tex/latex/supertabular\supertab
ular.sty
Package: supertabular 2025/06/26 v4.2d the supertabular environment
\c@tracingst=\count542
\ST@wd=\dimen327
\ST@rightskip=\skip118
\ST@leftskip=\skip119
\ST@parfillskip=\skip120
\ST@pageleft=\dimen328
\ST@headht=\dimen329
\ST@tailht=\dimen330
\ST@pagesofar=\dimen331
\ST@pboxht=\dimen332
\ST@rowht=\dimen333
\ST@prevht=\dimen334
\ST@toadd=\dimen335
\ST@dimen=\dimen336
\ST@pbox=\box89
))
(C:\Users\Raphael\AppData\Local\Programs\MiKTeX\tex/latex/glossaries/styles\glo
ssary-tree.sty
Package: glossary-tree 2026/04/21 v5.1 (NLCT)
\l__glossaries_tree_max_known_level_int=\count543
\l__glossaries_tree_offset_dim=\dimen337
\l__glossaries_tree_namewidth_dim=\dimen338
\l__glossaries_tree_symbolwidth_dim=\dimen339
\l__glossaries_tree_prenamesym_width_dim=\dimen340
\l__glossaries_tree_presubnamesym_width_dim=\dimen341
\l__glossaries_tree_namewidth_padding_dim=\dimen342
\l__glossaries_tree_symbolwidth_padding_dim=\dimen343
\l__glossaries_tree_namesymbolwidth_dim=\dimen344
\l__glossaries_tree_namesymbolwidth_padding_dim=\dimen345
\l__glossaries_tree_level_int=\count544
\glstreeindent=\skip121
))
\@glsxtr@leveloffset=\count545
\glsxtrresourcecount=\count546
\@glsxtrnewgls@inner=\count547
\glsshortpltok=\toks61
\glslongpltok=\toks62

(C:\Users\Raphael\AppData\Local\Programs\MiKTeX\tex/latex/glossaries-extra\glos
saries-extra-abbrstyles.def
File: glossaries-extra-abbrstyles.def 2026/04/21 v2.1 (NLCT)
)
\mglselementindex=\count548
)
(C:\Users\Raphael\AppData\Local\Programs\MiKTeX\tex/latex/glossaries/styles\glo
ssary-longragged.sty
Package: glossary-longragged 2026/04/21 v5.1 (NLCT)
)
(C:\Users\Raphael\AppData\Local\Programs\MiKTeX\tex/latex/glossaries/styles\glo
ssary-mcols.sty
Package: glossary-mcols 2026/04/21 v5.1 (NLCT)

(C:\Users\Raphael\AppData\Local\Programs\MiKTeX\tex/latex/tools\multicol.sty
Package: multicol 2025/10/21 v2.0b multicolumn formatting (FMi)
\c@tracingmulticols=\count549
\mult@box=\box90
\multicol@leftmargin=\dimen346
\c@unbalance=\count550
\c@collectmore=\count551
\doublecol@number=\count552
\multicoltolerance=\count553
\multicolpretolerance=\count554
\full@width=\dimen347
\page@free=\dimen348
\premulticols=\dimen349
\postmulticols=\dimen350
\multicolsep=\skip122
\multicolbaselineskip=\skip123
\partial@page=\box91
\last@line=\box92
\mc@boxedresult=\box93
\maxbalancingoverflow=\dimen351
\mult@rightbox=\box94
\mult@grightbox=\box95
\mult@firstbox=\box96
\mult@gfirstbox=\box97
\@tempa=\box98
\@tempa=\box99
\@tempa=\box100
\@tempa=\box101
\@tempa=\box102
\@tempa=\box103
\@tempa=\box104
\@tempa=\box105
\@tempa=\box106
\@tempa=\box107
\@tempa=\box108
\@tempa=\box109
\@tempa=\box110
\@tempa=\box111
\@tempa=\box112
\@tempa=\box113
\@tempa=\box114
\@tempa=\box115
\@tempa=\box116
\@tempa=\box117
\@tempa=\box118
\@tempa=\box119
\@tempa=\box120
\@tempa=\box121
\@tempa=\box122
\@tempa=\box123
\@tempa=\box124
\@tempa=\box125
\@tempa=\box126
\@tempa=\box127
\@tempa=\box128
\@tempa=\box129
\@tempa=\box130
\@tempa=\box131
\@tempa=\box132
\@tempa=\box133
\c@minrows=\count555
\c@columnbadness=\count556
\c@finalcolumnbadness=\count557
\last@try=\dimen352
\multicolovershoot=\dimen353
\multicolundershoot=\dimen354
\mult@nat@firstbox=\box134
\colbreak@box=\box135
\mc@col@check@num=\count558
\g__mc_curr_col_int=\count559
)
\l__glossaries_mcols_columns_int=\count560
)
(Verzeichnisse/Glossar.tex)
(C:\Users\Raphael\AppData\Local\Programs\MiKTeX\tex/latex/blindtext\blindtext.s
ty
Package: blindtext 2012/01/06 V2.0 blindtext-Package
 (C:\Users\Raphael\AppData\Local\Programs\MiKTeX\tex/latex/tools\xspace.sty
Package: xspace 2014/10/28 v1.13 Space after command names (DPC,MH)
)
\c@blindtext=\count561
\c@Blindtext=\count562
\c@blind@countparstart=\count563
\blind@countxx=\count564
\blindtext@numBlindtext=\count565
\blind@countyy=\count566
\c@blindlist=\count567
\c@blindlistlevel=\count568
\c@blindlist@level=\count569
\blind@listitem=\count570
\c@blind@listcount=\count571
\c@blind@levelcount=\count572
\blind@mathformula=\count573
\blind@Mathformula=\count574
\c@blind@randomcount=\count575
\c@blind@randommax=\count576
\c@blind@pangramcount=\count577
\c@blind@pangrammax=\count578
)
(C:\Users\Raphael\AppData\Local\Programs\MiKTeX\tex/latex/todonotes\todonotes.s
ty
Package: todonotes 2024/01/05 v1.1.7 Todonotes source and documentation.
Package: todonotes 2024/01/05

(C:\Users\Raphael\AppData\Local\Programs\MiKTeX\tex/generic/pgf/frontendlayer/t
ikz/libraries\tikzlibrarypositioning.code.tex
File: tikzlibrarypositioning.code.tex 2025-08-29 v3.1.11a (3.1.11a)
)
\c@@todonotes@numberoftodonotes=\count579
)
(C:\Users\Raphael\AppData\Local\Programs\MiKTeX\tex/latex/tocloft\tocloft.sty
Package: tocloft 2017/08/31 v2.3i parameterised ToC, etc., typesetting
Package tocloft Info: The document has chapter divisions on input line 51.
\cftparskip=\skip124
\cftbeforetoctitleskip=\skip125
\cftaftertoctitleskip=\skip126
\cftbeforepartskip=\skip127
\cftpartnumwidth=\skip128
\cftpartindent=\skip129
\cftbeforechapskip=\skip130
\cftchapindent=\skip131
\cftchapnumwidth=\skip132
\cftbeforesecskip=\skip133
\cftsecindent=\skip134
\cftsecnumwidth=\skip135
\cftbeforesubsecskip=\skip136
\cftsubsecindent=\skip137
\cftsubsecnumwidth=\skip138
\cftbeforesubsubsecskip=\skip139
\cftsubsubsecindent=\skip140
\cftsubsubsecnumwidth=\skip141
\cftbeforeparaskip=\skip142
\cftparaindent=\skip143
\cftparanumwidth=\skip144
\cftbeforesubparaskip=\skip145
\cftsubparaindent=\skip146
\cftsubparanumwidth=\skip147
\cftbeforeloftitleskip=\skip148
\cftafterloftitleskip=\skip149
\cftbeforefigskip=\skip150
\cftfigindent=\skip151
\cftfignumwidth=\skip152
\c@lofdepth=\count580
\c@lotdepth=\count581
\cftbeforelottitleskip=\skip153
\cftafterlottitleskip=\skip154
\cftbeforetabskip=\skip155
\cfttabindent=\skip156
\cfttabnumwidth=\skip157


Package tocloft Warning: \@starttoc has already been redefined; tocloft bailing
 out. on input line 1156.

) (C:\Users\Raphael\AppData\Local\Programs\MiKTeX\tex/latex/xpatch\xpatch.sty
Package: xpatch 2020/03/25 v0.3a Extending etoolbox patching commands
))
Package csquotes Info: Checking for multilingual support...
Package csquotes Info: ... found 'babel' package.
LaTeX Font Info:    Trying to load font information for T1+lmr on input line 28
.
(C:\Users\Raphael\AppData\Local\Programs\MiKTeX\tex/latex/lm\t1lmr.fd
File: t1lmr.fd 2015/05/01 v1.6.1 Font defs for Latin Modern
)
(C:\Users\Raphael\Vorlage-Latex\.build\output\Thesis.aux
Package babel Info: 'ngerman' activates 'german' shorthands.
(babel)             Reported on input line 22.
\g__glossaries_gls_ref_acronym_int=\count582
\g__glossaries_gls_ref_main_int=\count583
\g__glossaries_gls_ref_abbreviations_int=\count584
\g__glossaries_gls_ref_symbols_int=\count585
)
\openout1 = `Thesis.aux'.

LaTeX Font Info:    Checking defaults for OML/cmm/m/it on input line 28.
LaTeX Font Info:    ... okay on input line 28.
LaTeX Font Info:    Checking defaults for OMS/cmsy/m/n on input line 28.
LaTeX Font Info:    ... okay on input line 28.
LaTeX Font Info:    Checking defaults for OT1/cmr/m/n on input line 28.
LaTeX Font Info:    ... okay on input line 28.
LaTeX Font Info:    Checking defaults for T1/cmr/m/n on input line 28.
LaTeX Font Info:    ... okay on input line 28.
LaTeX Font Info:    Checking defaults for TS1/cmr/m/n on input line 28.
LaTeX Font Info:    ... okay on input line 28.
LaTeX Font Info:    Checking defaults for OMX/cmex/m/n on input line 28.
LaTeX Font Info:    ... okay on input line 28.
LaTeX Font Info:    Checking defaults for U/cmr/m/n on input line 28.
LaTeX Font Info:    ... okay on input line 28.
LaTeX Font Info:    Checking defaults for PD1/pdf/m/n on input line 28.
LaTeX Font Info:    ... okay on input line 28.
LaTeX Font Info:    Checking defaults for PU/pdf/m/n on input line 28.
LaTeX Font Info:    ... okay on input line 28.
LaTeX Info: Redefining \degres on input line 28.

(C:\Users\Raphael\AppData\Local\Programs\MiKTeX\tex/latex/translations/dicts\tr
anslations-basic-dictionary-german.trsl
File: translations-basic-dictionary-german.trsl (german translation file `trans
lations-basic-dictionary')
)
Package translations Info: loading dictionary `translations-basic-dictionary' f
or `german'. on input line 28.

(C:\Users\Raphael\AppData\Local\Programs\MiKTeX\tex/latex/translations/dicts\tr
anslations-basic-dictionary-french.trsl
File: translations-basic-dictionary-french.trsl (french translation file `trans
lations-basic-dictionary')
)
Package translations Info: loading dictionary `translations-basic-dictionary' f
or `french'. on input line 28.

(C:\Users\Raphael\AppData\Local\Programs\MiKTeX\tex/latex/translations/dicts\tr
anslations-basic-dictionary-english.trsl
File: translations-basic-dictionary-english.trsl (english translation file `tra
nslations-basic-dictionary')
)
Package translations Info: loading dictionary `translations-basic-dictionary' f
or `english'. on input line 28.
LaTeX Info: Redefining \microtypecontext on input line 28.
Package microtype Info: Applying patch `item' on input line 28.
Package microtype Info: Applying patch `toc' on input line 28.
Package microtype Info: Applying patch `eqnum' on input line 28.
Package microtype Info: Applying patch `footnote' on input line 28.
Package microtype Info: Applying patch `verbatim' on input line 28.
LaTeX Info: Redefining \microtypesetup on input line 28.
Package microtype Info: Generating PDF output.
Package microtype Info: Character protrusion enabled (level 2).
Package microtype Info: Using default protrusion set `alltext'.
Package microtype Info: Automatic font expansion enabled (level 2),
(microtype)             stretch: 20, shrink: 20, step: 1, non-selected.
Package microtype Info: Using default expansion set `alltext-nott'.
Package microtype Info: Patching command `\showhyphens'.
Package microtype Info: No adjustment of tracking.
Package microtype Info: No adjustment of interword spacing.
Package microtype Info: No adjustment of character kerning.

(C:\Users\Raphael\AppData\Local\Programs\MiKTeX\tex/latex/microtype\mt-cmr.cfg
File: mt-cmr.cfg 2013/05/19 v2.2 microtype config. file: Computer Modern Roman 
(RS)
)
Package biblatex Info: Trying to load language 'ngerman'...
Package biblatex Info: ... file 'ngerman.lbx' found.

(C:\Users\Raphael\AppData\Local\Programs\MiKTeX\tex/latex/biblatex/lbx\ngerman.
lbx
File: ngerman.lbx 2025/07/10 v3.21 biblatex localization (PK/MW)
Package biblatex Info: Trying to load language 'german'...
Package biblatex Info: ... file 'german.lbx' found.

(C:\Users\Raphael\AppData\Local\Programs\MiKTeX\tex/latex/biblatex/lbx\german.l
bx
File: german.lbx 2025/07/10 v3.21 biblatex localization (PK/MW)
)
Package biblatex Info: Trying to load language 'german'...
Package biblatex Info: ... file 'german.lbx' found.

(C:\Users\Raphael\AppData\Local\Programs\MiKTeX\tex/latex/biblatex/lbx\german.l
bx
File: german.lbx 2025/07/10 v3.21 biblatex localization (PK/MW)
))
Package biblatex Info: Trying to load language 'french'...
Package biblatex Info: ... file 'french.lbx' found.

(C:\Users\Raphael\AppData\Local\Programs\MiKTeX\tex/latex/biblatex/lbx\french.l
bx
File: french.lbx 2025/07/10 v3.21 biblatex localization (PK/MW)
)
Package biblatex Info: Trying to load language 'english'...
Package biblatex Info: ... file 'english.lbx' found.

(C:\Users\Raphael\AppData\Local\Programs\MiKTeX\tex/latex/biblatex/lbx\english.
lbx
File: english.lbx 2025/07/10 v3.21 biblatex localization (PK/MW)
)
Package biblatex Info: Input encoding 'utf8' detected.
Package biblatex Info: Automatic encoding selection.
(biblatex)             Assuming data encoding 'utf8'.
Package biblatex Info: Input encoding 'utf8' detected.
Package biblatex Info: Data encoding 'utf8' specified.
(biblatex)             No need to reencode data.
\openout3 = `Thesis-blx.bib'.

Package biblatex Info: Trying to load bibliographic data...
Package biblatex Info: ... file 'Thesis.bbl' found.
 (C:\Users\Raphael\Vorlage-Latex\.build\output\Thesis.bbl)
Package biblatex Info: Reference section=0 on input line 28.
Package biblatex Info: Reference segment=0 on input line 28.

*geometry* driver: auto-detecting
*geometry* detected driver: pdftex
*geometry* verbose mode - [ preamble ] result:
* driver: pdftex
* paper: a4paper
* layout: <custom>
* layout(width,height): (597.50787pt,845.04684pt)
* layoutoffset:(h,v)=(0.0pt,0.0pt)
* modes: 
* h-part:(L,W,R)=(81.94406pt, 462.0725pt, 53.49132pt)
* v-part:(T,H,B)=(101.00737pt, 638.76437pt, 105.2751pt)
* \paperwidth=597.50787pt
* \paperheight=845.04684pt
* \textwidth=462.0725pt
* \textheight=638.76437pt
* \oddsidemargin=9.67407pt
* \evensidemargin=9.67407pt
* \topmargin=-30.40584pt
* \headheight=34.14322pt
* \headsep=25.0pt
* \topskip=12.0pt
* \footskip=30.0pt
* \marginparwidth=35.0pt
* \marginparsep=10.0pt
* \columnsep=10.0pt
* \skip\footins=10.8pt plus 4.0pt minus 2.0pt
* \hoffset=0.0pt
* \voffset=0.0pt
* \mag=1000
* \@twocolumnfalse
* \@twosidefalse
* \@mparswitchfalse
* \@reversemarginfalse
* (1in=72.27pt=25.4mm, 1cm=28.453pt)


(C:\Users\Raphael\AppData\Local\Programs\MiKTeX\tex/context/base/mkii\supp-pdf.
mkii
[Loading MPS to PDF converter (version 2006.09.02).]
\scratchcounter=\count586
\scratchdimen=\dimen355
\scratchbox=\box136
\nofMPsegments=\count587
\nofMParguments=\count588
\everyMPshowfont=\toks63
\MPscratchCnt=\count589
\MPscratchDim=\dimen356
\MPnumerator=\count590
\makeMPintoPDFobject=\count591
\everyMPtoPDFconversion=\toks64
)
(C:\Users\Raphael\AppData\Local\Programs\MiKTeX\tex/latex/epstopdf-pkg\epstopdf
-base.sty
Package: epstopdf-base 2020-01-24 v2.11 Base part for package epstopdf
Package epstopdf-base Info: Redefining graphics rule for `.eps' on input line 4
85.

(C:\Users\Raphael\AppData\Local\Programs\MiKTeX\tex/latex/00miktex\epstopdf-sys
.cfg
File: epstopdf-sys.cfg 2021/03/18 v2.0 Configuration of epstopdf for MiKTeX
))
(C:\Users\Raphael\AppData\Local\Programs\MiKTeX\tex/latex/pdflscape\pdflscape.s
ty
Package: pdflscape 2022-10-27 v0.13 Display of landscape pages in PDF

(C:\Users\Raphael\AppData\Local\Programs\MiKTeX\tex/latex/pdflscape\pdflscape-n
ometadata.sty
Package: pdflscape-nometadata 2022-10-28 v0.13 Display of landscape pages in PD
F (HO)

(C:\Users\Raphael\AppData\Local\Programs\MiKTeX\tex/latex/graphics\lscape.sty
Package: lscape 2020/05/28 v3.02 Landscape Pages (DPC)
)
Package pdflscape Info: Auto-detected driver: pdftex on input line 81.
))
\c@lstlisting=\count592
Package caption Info: Begin \AtBeginDocument code.
Package caption Info: hyperref package is loaded.
Package caption Info: longtable package is loaded.

(C:\Users\Raphael\AppData\Local\Programs\MiKTeX\tex/latex/caption\ltcaption.sty
Package: ltcaption 2021/01/08 v1.4c longtable captions (AR)
)
Package caption Info: supertabular package is loaded.
Package caption Info: End \AtBeginDocument code.
Package hyperref Info: Link coloring OFF on input line 28.
 (C:\Users\Raphael\Vorlage-Latex\.build\output\Thesis.out)
(C:\Users\Raphael\Vorlage-Latex\.build\output\Thesis.out)
\@outlinefile=\write5
\openout5 = `Thesis.out'.



Package todonotes Warning: The length marginparwidth is less than 2cm and will 
most likely cause issues with the appearance of inserted todonotes. The issue c
an be solved by adding a line like \setlength {\marginparwidth }{2cm} prior to 
loading the todonotes package. on input line 28.

(Vorlage/FrontMatter.tex
LaTeX Font Info:    Trying to load font information for T1+lmss on input line 4
9.

(C:\Users\Raphael\AppData\Local\Programs\MiKTeX\tex/latex/lm\t1lmss.fd
File: t1lmss.fd 2015/05/01 v1.6.1 Font defs for Latin Modern
)
Package microtype Info: Loading generic protrusion settings for font family
(microtype)             `lmss' (encoding: T1).
(microtype)             For optimal results, create family-specific settings.
(microtype)             See the microtype manual for details.
<Medien/Uni_Wuppertal_Logo__richblack.pdf, id=378, 157.12038pt x 49.60533pt>
File: Medien/Uni_Wuppertal_Logo__richblack.pdf Graphic file (type pdf)
<use Medien/Uni_Wuppertal_Logo__richblack.pdf>
Package pdftex.def Info: Medien/Uni_Wuppertal_Logo__richblack.pdf  used on inpu
t line 52.
(pdftex.def)             Requested size: 127.98123pt x 40.40285pt.


pdfTeX warning: pdflatex.EXE (file ./Medien/TMDT_Logo_Farbe.pdf): PDF inclusion
: found PDF version <1.6>, but at most version <1.5> allowed
<Medien/TMDT_Logo_Farbe.pdf, id=379, 1375.51894pt x 606.14658pt>
File: Medien/TMDT_Logo_Farbe.pdf Graphic file (type pdf)
<use Medien/TMDT_Logo_Farbe.pdf>
Package pdftex.def Info: Medien/TMDT_Logo_Farbe.pdf  used on input line 52.
(pdftex.def)             Requested size: 40.83452pt x 40.40285pt.
LaTeX Font Info:    Trying to load font information for OT1+lmr on input line 1
04.
(C:\Users\Raphael\AppData\Local\Programs\MiKTeX\tex/latex/lm\ot1lmr.fd
File: ot1lmr.fd 2015/05/01 v1.6.1 Font defs for Latin Modern
)
LaTeX Font Info:    Trying to load font information for OML+lmm on input line 1
04.

(C:\Users\Raphael\AppData\Local\Programs\MiKTeX\tex/latex/lm\omllmm.fd
File: omllmm.fd 2015/05/01 v1.6.1 Font defs for Latin Modern
)
LaTeX Font Info:    Trying to load font information for OMS+lmsy on input line 
104.

(C:\Users\Raphael\AppData\Local\Programs\MiKTeX\tex/latex/lm\omslmsy.fd
File: omslmsy.fd 2015/05/01 v1.6.1 Font defs for Latin Modern
)
LaTeX Font Info:    Trying to load font information for OMX+lmex on input line 
104.

(C:\Users\Raphael\AppData\Local\Programs\MiKTeX\tex/latex/lm\omxlmex.fd
File: omxlmex.fd 2015/05/01 v1.6.1 Font defs for Latin Modern
)
LaTeX Font Info:    External font `lmex10' loaded for size
(Font)              <12> on input line 104.
LaTeX Font Info:    External font `lmex10' loaded for size
(Font)              <8> on input line 104.
LaTeX Font Info:    External font `lmex10' loaded for size
(Font)              <6> on input line 104.

[1

{C:/Users/Raphael/AppData/Local/MiKTeX/fonts/map/pdftex/pdftex.map}{C:/Users/Ra
phael/AppData/Local/Programs/MiKTeX/fonts/enc/dvips/lm/lm-ec.enc} <./Medien/Uni
_Wuppertal_Logo__richblack.pdf> <./Medien/TMDT_Logo_Farbe.pdf>] [2


]
(Kapitel/Kurzfassung.tex
Package hyperref Info: bookmark level for unknown todo defaults to 0 on input l
ine 7.
) [3




]
(C:\Users\Raphael\Vorlage-Latex\.build\output\Thesis.toc [4


] [5])
\tf@toc=\write6
\openout6 = `Thesis.toc'.

 [6])
(Kapitel/Einleitung.tex
Kapitel 1.
LaTeX Font Info:    External font `lmex10' loaded for size
(Font)              <5> on input line 6.
[1



]) (Kapitel/Grundlagen.tex
File: Medien/Uni_Wuppertal_Logo__richblack.pdf Graphic file (type pdf)
<use Medien/Uni_Wuppertal_Logo__richblack.pdf>
Package pdftex.def Info: Medien/Uni_Wuppertal_Logo__richblack.pdf  used on inpu
t line 1.
(pdftex.def)             Requested size: 74.43396pt x 23.49966pt.
File: Medien/TMDT_Logo_Farbe.pdf Graphic file (type pdf)
<use Medien/TMDT_Logo_Farbe.pdf>
Package pdftex.def Info: Medien/TMDT_Logo_Farbe.pdf  used on input line 1.
(pdftex.def)             Requested size: 23.74535pt x 23.49966pt.
Package babel Info: 'ngerman' activates 'german' shorthands.
(babel)             Reported on input line 1.
File: Medien/Uni_Wuppertal_Logo__richblack.pdf Graphic file (type pdf)
<use Medien/Uni_Wuppertal_Logo__richblack.pdf>
Package pdftex.def Info: Medien/Uni_Wuppertal_Logo__richblack.pdf  used on inpu
t line 1.
(pdftex.def)             Requested size: 74.43396pt x 23.49966pt.
File: Medien/TMDT_Logo_Farbe.pdf Graphic file (type pdf)
<use Medien/TMDT_Logo_Farbe.pdf>
Package pdftex.def Info: Medien/TMDT_Logo_Farbe.pdf  used on input line 1.
(pdftex.def)             Requested size: 23.74535pt x 23.49966pt.
 [2]
Kapitel 2.
[3

]
File: Medien/Uni_Wuppertal_Logo__richblack.pdf Graphic file (type pdf)
<use Medien/Uni_Wuppertal_Logo__richblack.pdf>
Package pdftex.def Info: Medien/Uni_Wuppertal_Logo__richblack.pdf  used on inpu
t line 29.
(pdftex.def)             Requested size: 74.43396pt x 23.49966pt.
File: Medien/TMDT_Logo_Farbe.pdf Graphic file (type pdf)
<use Medien/TMDT_Logo_Farbe.pdf>
Package pdftex.def Info: Medien/TMDT_Logo_Farbe.pdf  used on input line 29.
(pdftex.def)             Requested size: 23.74535pt x 23.49966pt.
File: Medien/Uni_Wuppertal_Logo__richblack.pdf Graphic file (type pdf)
<use Medien/Uni_Wuppertal_Logo__richblack.pdf>
Package pdftex.def Info: Medien/Uni_Wuppertal_Logo__richblack.pdf  used on inpu
t line 29.
(pdftex.def)             Requested size: 74.43396pt x 23.49966pt.
File: Medien/TMDT_Logo_Farbe.pdf Graphic file (type pdf)
<use Medien/TMDT_Logo_Farbe.pdf>
Package pdftex.def Info: Medien/TMDT_Logo_Farbe.pdf  used on input line 29.
(pdftex.def)             Requested size: 23.74535pt x 23.49966pt.
 [4]
File: Medien/Uni_Wuppertal_Logo__richblack.pdf Graphic file (type pdf)
<use Medien/Uni_Wuppertal_Logo__richblack.pdf>
Package pdftex.def Info: Medien/Uni_Wuppertal_Logo__richblack.pdf  used on inpu
t line 37.
(pdftex.def)             Requested size: 74.43396pt x 23.49966pt.
File: Medien/TMDT_Logo_Farbe.pdf Graphic file (type pdf)
<use Medien/TMDT_Logo_Farbe.pdf>
Package pdftex.def Info: Medien/TMDT_Logo_Farbe.pdf  used on input line 37.
(pdftex.def)             Requested size: 23.74535pt x 23.49966pt.
File: Medien/Uni_Wuppertal_Logo__richblack.pdf Graphic file (type pdf)
<use Medien/Uni_Wuppertal_Logo__richblack.pdf>
Package pdftex.def Info: Medien/Uni_Wuppertal_Logo__richblack.pdf  used on inpu
t line 37.
(pdftex.def)             Requested size: 74.43396pt x 23.49966pt.
File: Medien/TMDT_Logo_Farbe.pdf Graphic file (type pdf)
<use Medien/TMDT_Logo_Farbe.pdf>
Package pdftex.def Info: Medien/TMDT_Logo_Farbe.pdf  used on input line 37.
(pdftex.def)             Requested size: 23.74535pt x 23.49966pt.
 [5]
LaTeX Font Info:    External font `lmex10' loaded for size
(Font)              <17.28> on input line 37.
LaTeX Font Info:    External font `lmex10' loaded for size
(Font)              <10> on input line 37.
File: Medien/Uni_Wuppertal_Logo__richblack.pdf Graphic file (type pdf)
<use Medien/Uni_Wuppertal_Logo__richblack.pdf>
Package pdftex.def Info: Medien/Uni_Wuppertal_Logo__richblack.pdf  used on inpu
t line 47.
(pdftex.def)             Requested size: 74.43396pt x 23.49966pt.
File: Medien/TMDT_Logo_Farbe.pdf Graphic file (type pdf)
<use Medien/TMDT_Logo_Farbe.pdf>
Package pdftex.def Info: Medien/TMDT_Logo_Farbe.pdf  used on input line 47.
(pdftex.def)             Requested size: 23.74535pt x 23.49966pt.
File: Medien/Uni_Wuppertal_Logo__richblack.pdf Graphic file (type pdf)
<use Medien/Uni_Wuppertal_Logo__richblack.pdf>
Package pdftex.def Info: Medien/Uni_Wuppertal_Logo__richblack.pdf  used on inpu
t line 47.
(pdftex.def)             Requested size: 74.43396pt x 23.49966pt.
File: Medien/TMDT_Logo_Farbe.pdf Graphic file (type pdf)
<use Medien/TMDT_Logo_Farbe.pdf>
Package pdftex.def Info: Medien/TMDT_Logo_Farbe.pdf  used on input line 47.
(pdftex.def)             Requested size: 23.74535pt x 23.49966pt.
 [6]) (Kapitel/Entwurf.tex
File: Medien/Uni_Wuppertal_Logo__richblack.pdf Graphic file (type pdf)
<use Medien/Uni_Wuppertal_Logo__richblack.pdf>
Package pdftex.def Info: Medien/Uni_Wuppertal_Logo__richblack.pdf  used on inpu
t line 1.
(pdftex.def)             Requested size: 74.43396pt x 23.49966pt.
File: Medien/TMDT_Logo_Farbe.pdf Graphic file (type pdf)
<use Medien/TMDT_Logo_Farbe.pdf>
Package pdftex.def Info: Medien/TMDT_Logo_Farbe.pdf  used on input line 1.
(pdftex.def)             Requested size: 23.74535pt x 23.49966pt.
File: Medien/Uni_Wuppertal_Logo__richblack.pdf Graphic file (type pdf)
<use Medien/Uni_Wuppertal_Logo__richblack.pdf>
Package pdftex.def Info: Medien/Uni_Wuppertal_Logo__richblack.pdf  used on inpu
t line 1.
(pdftex.def)             Requested size: 74.43396pt x 23.49966pt.
File: Medien/TMDT_Logo_Farbe.pdf Graphic file (type pdf)
<use Medien/TMDT_Logo_Farbe.pdf>
Package pdftex.def Info: Medien/TMDT_Logo_Farbe.pdf  used on input line 1.
(pdftex.def)             Requested size: 23.74535pt x 23.49966pt.
 [7]
Kapitel 3.
[8

]
File: Medien/Uni_Wuppertal_Logo__richblack.pdf Graphic file (type pdf)
<use Medien/Uni_Wuppertal_Logo__richblack.pdf>
Package pdftex.def Info: Medien/Uni_Wuppertal_Logo__richblack.pdf  used on inpu
t line 20.
(pdftex.def)             Requested size: 74.43396pt x 23.49966pt.
File: Medien/TMDT_Logo_Farbe.pdf Graphic file (type pdf)
<use Medien/TMDT_Logo_Farbe.pdf>
Package pdftex.def Info: Medien/TMDT_Logo_Farbe.pdf  used on input line 20.
(pdftex.def)             Requested size: 23.74535pt x 23.49966pt.
File: Medien/Uni_Wuppertal_Logo__richblack.pdf Graphic file (type pdf)
<use Medien/Uni_Wuppertal_Logo__richblack.pdf>
Package pdftex.def Info: Medien/Uni_Wuppertal_Logo__richblack.pdf  used on inpu
t line 20.
(pdftex.def)             Requested size: 74.43396pt x 23.49966pt.
File: Medien/TMDT_Logo_Farbe.pdf Graphic file (type pdf)
<use Medien/TMDT_Logo_Farbe.pdf>
Package pdftex.def Info: Medien/TMDT_Logo_Farbe.pdf  used on input line 20.
(pdftex.def)             Requested size: 23.74535pt x 23.49966pt.
 [9]) (Kapitel/Realisierung.tex
File: Medien/Uni_Wuppertal_Logo__richblack.pdf Graphic file (type pdf)
<use Medien/Uni_Wuppertal_Logo__richblack.pdf>
Package pdftex.def Info: Medien/Uni_Wuppertal_Logo__richblack.pdf  used on inpu
t line 1.
(pdftex.def)             Requested size: 74.43396pt x 23.49966pt.
File: Medien/TMDT_Logo_Farbe.pdf Graphic file (type pdf)
<use Medien/TMDT_Logo_Farbe.pdf>
Package pdftex.def Info: Medien/TMDT_Logo_Farbe.pdf  used on input line 1.
(pdftex.def)             Requested size: 23.74535pt x 23.49966pt.
File: Medien/Uni_Wuppertal_Logo__richblack.pdf Graphic file (type pdf)
<use Medien/Uni_Wuppertal_Logo__richblack.pdf>
Package pdftex.def Info: Medien/Uni_Wuppertal_Logo__richblack.pdf  used on inpu
t line 1.
(pdftex.def)             Requested size: 74.43396pt x 23.49966pt.
File: Medien/TMDT_Logo_Farbe.pdf Graphic file (type pdf)
<use Medien/TMDT_Logo_Farbe.pdf>
Package pdftex.def Info: Medien/TMDT_Logo_Farbe.pdf  used on input line 1.
(pdftex.def)             Requested size: 23.74535pt x 23.49966pt.
 [10]
Kapitel 4.
[11

]
File: Medien/Uni_Wuppertal_Logo__richblack.pdf Graphic file (type pdf)
<use Medien/Uni_Wuppertal_Logo__richblack.pdf>
Package pdftex.def Info: Medien/Uni_Wuppertal_Logo__richblack.pdf  used on inpu
t line 19.
(pdftex.def)             Requested size: 74.43396pt x 23.49966pt.
File: Medien/TMDT_Logo_Farbe.pdf Graphic file (type pdf)
<use Medien/TMDT_Logo_Farbe.pdf>
Package pdftex.def Info: Medien/TMDT_Logo_Farbe.pdf  used on input line 19.
(pdftex.def)             Requested size: 23.74535pt x 23.49966pt.
File: Medien/Uni_Wuppertal_Logo__richblack.pdf Graphic file (type pdf)
<use Medien/Uni_Wuppertal_Logo__richblack.pdf>
Package pdftex.def Info: Medien/Uni_Wuppertal_Logo__richblack.pdf  used on inpu
t line 19.
(pdftex.def)             Requested size: 74.43396pt x 23.49966pt.
File: Medien/TMDT_Logo_Farbe.pdf Graphic file (type pdf)
<use Medien/TMDT_Logo_Farbe.pdf>
Package pdftex.def Info: Medien/TMDT_Logo_Farbe.pdf  used on input line 19.
(pdftex.def)             Requested size: 23.74535pt x 23.49966pt.
 [12]
<Medien/captain-deadline.png, id=727, 1027.84pt x 1541.76pt>
File: Medien/captain-deadline.png Graphic file (type png)
<use Medien/captain-deadline.png>
Package pdftex.def Info: Medien/captain-deadline.png  used on input line 26.
(pdftex.def)             Requested size: 129.37973pt x 194.06047pt.
) (Kapitel/Analyse.tex
File: Medien/Uni_Wuppertal_Logo__richblack.pdf Graphic file (type pdf)
<use Medien/Uni_Wuppertal_Logo__richblack.pdf>
Package pdftex.def Info: Medien/Uni_Wuppertal_Logo__richblack.pdf  used on inpu
t line 1.
(pdftex.def)             Requested size: 74.43396pt x 23.49966pt.
File: Medien/TMDT_Logo_Farbe.pdf Graphic file (type pdf)
<use Medien/TMDT_Logo_Farbe.pdf>
Package pdftex.def Info: Medien/TMDT_Logo_Farbe.pdf  used on input line 1.
(pdftex.def)             Requested size: 23.74535pt x 23.49966pt.
File: Medien/Uni_Wuppertal_Logo__richblack.pdf Graphic file (type pdf)
<use Medien/Uni_Wuppertal_Logo__richblack.pdf>
Package pdftex.def Info: Medien/Uni_Wuppertal_Logo__richblack.pdf  used on inpu
t line 1.
(pdftex.def)             Requested size: 74.43396pt x 23.49966pt.
File: Medien/TMDT_Logo_Farbe.pdf Graphic file (type pdf)
<use Medien/TMDT_Logo_Farbe.pdf>
Package pdftex.def Info: Medien/TMDT_Logo_Farbe.pdf  used on input line 1.
(pdftex.def)             Requested size: 23.74535pt x 23.49966pt.
 [13 <./Medien/captain-deadline.png>]
Kapitel 5.
) (Kapitel/Schlussbetrachtungen.tex [14

]
Kapitel 6.
) (Vorlage/BackMatter.tex [15

]
(C:\Users\Raphael\Vorlage-Latex\.build\output\Thesis.lof)
\tf@lof=\write7
\openout7 = `Thesis.lof'.


(C:\Users\Raphael\Vorlage-Latex\.build\output\Thesis.lol)
\tf@lol=\write8
\openout8 = `Thesis.lol'.


(C:\Users\Raphael\Vorlage-Latex\.build\output\Thesis.lot)
\tf@lot=\write9
\openout9 = `Thesis.lot'.



Package glossaries Info: Preparing to sort glossary `symbols' (total number of
(glossaries)             referenced entries: 4)


Overfull \hbox (51.34921pt too wide) in alignment at lines 78--78
 [] [] [] [] 
 []


Package glossaries Info: Preparing to sort glossary `abbreviations' (total
(glossaries)             number of referenced entries: 1)

[16


{C:/Users/Raphael/AppData/Local/Programs/MiKTeX/fonts/enc/dvips/lm/lm-mathit.en
c}{C:/Users/Raphael/AppData/Local/Programs/MiKTeX/fonts/enc/dvips/lm/lm-mathsy.
enc}]

Package glossaries Info: Preparing to sort glossary `acronym' (total number of
(glossaries)             referenced entries: 2)


Package glossaries Info: Preparing to sort glossary `main' (total number of
(glossaries)             referenced entries: 2)

) (Kapitel/Sourcecode.tex [17]
Anhang A.

(C:\Users\Raphael\AppData\Local\Programs\MiKTeX\tex/latex/listings\lstlang1.sty
File: lstlang1.sty 2025/11/14 1.11b listings language file
)
(C:\Users\Raphael\AppData\Local\Programs\MiKTeX\tex/latex/listings\lstmisc.sty
File: lstmisc.sty 2025/11/14 1.11b (Carsten Heinz)
)
Package hyperref Info: bookmark level for unknown lstlisting defaults to 0 on i
nput line 2.
LaTeX Font Info:    Trying to load font information for T1+lmtt on input line 2
.
(C:\Users\Raphael\AppData\Local\Programs\MiKTeX\tex/latex/lm\t1lmtt.fd
File: t1lmtt.fd 2015/05/01 v1.6.1 Font defs for Latin Modern
)
Package microtype Info: Loading generic protrusion settings for font family
(microtype)             `lmtt' (encoding: T1).
(microtype)             For optimal results, create family-specific settings.
(microtype)             See the microtype manual for details.
LaTeX Font Info:    Font shape `T1/lmtt/bx/n' in size <10.95> not available
(Font)              Font shape `T1/lmtt/b/n' tried instead on input line 3.
LaTeX Font Info:    External font `lmex10' loaded for size
(Font)              <10.95> on input line 3.
)
(Kapitel/FAQ.tex [18

]
Anhang B.
LaTeX Font Info:    External font `lmex10' loaded for size
(Font)              <7> on input line 20.

Overfull \hbox (0.55833pt too wide) in paragraph at lines 25--35
\T1/lmr/m/n/12 (-20) Wird in den vie-len Linux-Distributionen schon mit-ge-lie-
fert und über den Linux-Paketmanager
 []

[19

]
Overfull \hbox (21.3963pt too wide) in paragraph at lines 74--77
\T1/lmr/m/n/12 (-20) Die für Be-nut-zer ge-dach-ten Ein-stel-lungs-mög-lich-kei
-ten fin-den sich in der Da-tei [][][][][][][].
 []

File: Medien/Uni_Wuppertal_Logo__richblack.pdf Graphic file (type pdf)
<use Medien/Uni_Wuppertal_Logo__richblack.pdf>
Package pdftex.def Info: Medien/Uni_Wuppertal_Logo__richblack.pdf  used on inpu
t line 78.
(pdftex.def)             Requested size: 74.43396pt x 23.49966pt.
File: Medien/TMDT_Logo_Farbe.pdf Graphic file (type pdf)
<use Medien/TMDT_Logo_Farbe.pdf>
Package pdftex.def Info: Medien/TMDT_Logo_Farbe.pdf  used on input line 78.
(pdftex.def)             Requested size: 23.74535pt x 23.49966pt.
File: Medien/Uni_Wuppertal_Logo__richblack.pdf Graphic file (type pdf)
<use Medien/Uni_Wuppertal_Logo__richblack.pdf>
Package pdftex.def Info: Medien/Uni_Wuppertal_Logo__richblack.pdf  used on inpu
t line 78.
(pdftex.def)             Requested size: 74.43396pt x 23.49966pt.
File: Medien/TMDT_Logo_Farbe.pdf Graphic file (type pdf)
<use Medien/TMDT_Logo_Farbe.pdf>
Package pdftex.def Info: Medien/TMDT_Logo_Farbe.pdf  used on input line 78.
(pdftex.def)             Requested size: 23.74535pt x 23.49966pt.

Package fancyhdr Warning: \headheight is too small (34.14322pt): 
(fancyhdr)                Make it at least 34.30585pt, for example:
(fancyhdr)                \setlength{\headheight}{34.30585pt}.
(fancyhdr)                You might also make \topmargin smaller:
(fancyhdr)                \addtolength{\topmargin}{-0.16263pt}.

[20]
File: Medien/Uni_Wuppertal_Logo__richblack.pdf Graphic file (type pdf)
<use Medien/Uni_Wuppertal_Logo__richblack.pdf>
Package pdftex.def Info: Medien/Uni_Wuppertal_Logo__richblack.pdf  used on inpu
t line 107.
(pdftex.def)             Requested size: 74.43396pt x 23.49966pt.
File: Medien/TMDT_Logo_Farbe.pdf Graphic file (type pdf)
<use Medien/TMDT_Logo_Farbe.pdf>
Package pdftex.def Info: Medien/TMDT_Logo_Farbe.pdf  used on input line 107.
(pdftex.def)             Requested size: 23.74535pt x 23.49966pt.
File: Medien/Uni_Wuppertal_Logo__richblack.pdf Graphic file (type pdf)
<use Medien/Uni_Wuppertal_Logo__richblack.pdf>
Package pdftex.def Info: Medien/Uni_Wuppertal_Logo__richblack.pdf  used on inpu
t line 107.
(pdftex.def)             Requested size: 74.43396pt x 23.49966pt.
File: Medien/TMDT_Logo_Farbe.pdf Graphic file (type pdf)
<use Medien/TMDT_Logo_Farbe.pdf>
Package pdftex.def Info: Medien/TMDT_Logo_Farbe.pdf  used on input line 107.
(pdftex.def)             Requested size: 23.74535pt x 23.49966pt.


Package fancyhdr Warning: \headheight is too small (34.14322pt): 
(fancyhdr)                Make it at least 34.30585pt, for example:
(fancyhdr)                \setlength{\headheight}{34.30585pt}.
(fancyhdr)                You might also make \topmargin smaller:
(fancyhdr)                \addtolength{\topmargin}{-0.16263pt}.

[21]
LaTeX Font Info:    Trying to load font information for TS1+lmr on input line 1
17.
 (C:\Users\Raphael\AppData\Local\Programs\MiKTeX\tex/latex/lm\ts1lmr.fd
File: ts1lmr.fd 2015/05/01 v1.6.1 Font defs for Latin Modern
)
File: Medien/Uni_Wuppertal_Logo__richblack.pdf Graphic file (type pdf)
<use Medien/Uni_Wuppertal_Logo__richblack.pdf>
Package pdftex.def Info: Medien/Uni_Wuppertal_Logo__richblack.pdf  used on inpu
t line 122.
(pdftex.def)             Requested size: 74.43396pt x 23.49966pt.
File: Medien/TMDT_Logo_Farbe.pdf Graphic file (type pdf)
<use Medien/TMDT_Logo_Farbe.pdf>
Package pdftex.def Info: Medien/TMDT_Logo_Farbe.pdf  used on input line 122.
(pdftex.def)             Requested size: 23.74535pt x 23.49966pt.
File: Medien/Uni_Wuppertal_Logo__richblack.pdf Graphic file (type pdf)
<use Medien/Uni_Wuppertal_Logo__richblack.pdf>
Package pdftex.def Info: Medien/Uni_Wuppertal_Logo__richblack.pdf  used on inpu
t line 122.
(pdftex.def)             Requested size: 74.43396pt x 23.49966pt.
File: Medien/TMDT_Logo_Farbe.pdf Graphic file (type pdf)
<use Medien/TMDT_Logo_Farbe.pdf>
Package pdftex.def Info: Medien/TMDT_Logo_Farbe.pdf  used on input line 122.
(pdftex.def)             Requested size: 23.74535pt x 23.49966pt.


Package fancyhdr Warning: \headheight is too small (34.14322pt): 
(fancyhdr)                Make it at least 34.30585pt, for example:
(fancyhdr)                \setlength{\headheight}{34.30585pt}.
(fancyhdr)                You might also make \topmargin smaller:
(fancyhdr)                \addtolength{\topmargin}{-0.16263pt}.

[22{C:/Users/Raphael/AppData/Local/Programs/MiKTeX/fonts/enc/dvips/lm/lm-ts1.en
c}]
LaTeX Font Info:    External font `lmex10' loaded for size
(Font)              <20.74> on input line 123.
LaTeX Font Info:    External font `lmex10' loaded for size
(Font)              <14.4> on input line 123.
File: Medien/Uni_Wuppertal_Logo__richblack.pdf Graphic file (type pdf)
<use Medien/Uni_Wuppertal_Logo__richblack.pdf>
Package pdftex.def Info: Medien/Uni_Wuppertal_Logo__richblack.pdf  used on inpu
t line 161.
(pdftex.def)             Requested size: 74.43396pt x 23.49966pt.
File: Medien/TMDT_Logo_Farbe.pdf Graphic file (type pdf)
<use Medien/TMDT_Logo_Farbe.pdf>
Package pdftex.def Info: Medien/TMDT_Logo_Farbe.pdf  used on input line 161.
(pdftex.def)             Requested size: 23.74535pt x 23.49966pt.
File: Medien/Uni_Wuppertal_Logo__richblack.pdf Graphic file (type pdf)
<use Medien/Uni_Wuppertal_Logo__richblack.pdf>
Package pdftex.def Info: Medien/Uni_Wuppertal_Logo__richblack.pdf  used on inpu
t line 161.
(pdftex.def)             Requested size: 74.43396pt x 23.49966pt.
File: Medien/TMDT_Logo_Farbe.pdf Graphic file (type pdf)
<use Medien/TMDT_Logo_Farbe.pdf>
Package pdftex.def Info: Medien/TMDT_Logo_Farbe.pdf  used on input line 161.
(pdftex.def)             Requested size: 23.74535pt x 23.49966pt.


Package fancyhdr Warning: \headheight is too small (34.14322pt): 
(fancyhdr)                Make it at least 34.30585pt, for example:
(fancyhdr)                \setlength{\headheight}{34.30585pt}.
(fancyhdr)                You might also make \topmargin smaller:
(fancyhdr)                \addtolength{\topmargin}{-0.16263pt}.

[23

]
File: Medien/Uni_Wuppertal_Logo__richblack.pdf Graphic file (type pdf)
<use Medien/Uni_Wuppertal_Logo__richblack.pdf>
Package pdftex.def Info: Medien/Uni_Wuppertal_Logo__richblack.pdf  used on inpu
t line 211.
(pdftex.def)             Requested size: 74.43396pt x 23.49966pt.
File: Medien/TMDT_Logo_Farbe.pdf Graphic file (type pdf)
<use Medien/TMDT_Logo_Farbe.pdf>
Package pdftex.def Info: Medien/TMDT_Logo_Farbe.pdf  used on input line 211.
(pdftex.def)             Requested size: 23.74535pt x 23.49966pt.
File: Medien/Uni_Wuppertal_Logo__richblack.pdf Graphic file (type pdf)
<use Medien/Uni_Wuppertal_Logo__richblack.pdf>
Package pdftex.def Info: Medien/Uni_Wuppertal_Logo__richblack.pdf  used on inpu
t line 211.
(pdftex.def)             Requested size: 74.43396pt x 23.49966pt.
File: Medien/TMDT_Logo_Farbe.pdf Graphic file (type pdf)
<use Medien/TMDT_Logo_Farbe.pdf>
Package pdftex.def Info: Medien/TMDT_Logo_Farbe.pdf  used on input line 211.
(pdftex.def)             Requested size: 23.74535pt x 23.49966pt.


Package fancyhdr Warning: \headheight is too small (34.14322pt): 
(fancyhdr)                Make it at least 34.30585pt, for example:
(fancyhdr)                \setlength{\headheight}{34.30585pt}.
(fancyhdr)                You might also make \topmargin smaller:
(fancyhdr)                \addtolength{\topmargin}{-0.16263pt}.

[24]) (Kapitel/LaTeX-Beispiele.tex
File: Medien/Uni_Wuppertal_Logo__richblack.pdf Graphic file (type pdf)
<use Medien/Uni_Wuppertal_Logo__richblack.pdf>
Package pdftex.def Info: Medien/Uni_Wuppertal_Logo__richblack.pdf  used on inpu
t line 1.
(pdftex.def)             Requested size: 74.43396pt x 23.49966pt.
File: Medien/TMDT_Logo_Farbe.pdf Graphic file (type pdf)
<use Medien/TMDT_Logo_Farbe.pdf>
Package pdftex.def Info: Medien/TMDT_Logo_Farbe.pdf  used on input line 1.
(pdftex.def)             Requested size: 23.74535pt x 23.49966pt.
File: Medien/Uni_Wuppertal_Logo__richblack.pdf Graphic file (type pdf)
<use Medien/Uni_Wuppertal_Logo__richblack.pdf>
Package pdftex.def Info: Medien/Uni_Wuppertal_Logo__richblack.pdf  used on inpu
t line 1.
(pdftex.def)             Requested size: 74.43396pt x 23.49966pt.
File: Medien/TMDT_Logo_Farbe.pdf Graphic file (type pdf)
<use Medien/TMDT_Logo_Farbe.pdf>
Package pdftex.def Info: Medien/TMDT_Logo_Farbe.pdf  used on input line 1.
(pdftex.def)             Requested size: 23.74535pt x 23.49966pt.


Package fancyhdr Warning: \headheight is too small (34.14322pt): 
(fancyhdr)                Make it at least 34.30585pt, for example:
(fancyhdr)                \setlength{\headheight}{34.30585pt}.
(fancyhdr)                You might also make \topmargin smaller:
(fancyhdr)                \addtolength{\topmargin}{-0.16263pt}.

[25]
Anhang C.
LaTeX Font Info:    External font `lmex10' loaded for size
(Font)              <24.88> on input line 1.

Overfull \hbox (18.82153pt too wide) in paragraph at lines 9--13
\T1/lmr/m/n/12 (-20) Kapitel wer-den mit [][][][][][][][][] er-stellt. Als näch
s-te Ebe-nen fol-gen [][][][][][][][][],
 []


Overfull \hbox (11.87509pt too wide) in paragraph at lines 9--13
\T1/lmr/m/n/12 (-20) noch [][][][][][][][][] und für den al-ler äu-ÿers-ten Not
-fall[][][] so-gar noch [][][][][][][][][].
 []

Package microtype Info: Character `029' is missing
(microtype)             in font `T1/lmr/m/sc/12'.
(microtype)             Ignoring protrusion settings for this character.
[26

]
LaTeX Font Info:    Font shape `T1/lmss/m/it' in size <12> not available
(Font)              Font shape `T1/lmss/m/sl' tried instead on input line 63.
LaTeX Font Info:    Font shape `T1/lmss/bx/it' in size <12> not available
(Font)              Font shape `T1/lmss/bx/sl' tried instead on input line 63.
File: Medien/Uni_Wuppertal_Logo__richblack.pdf Graphic file (type pdf)
<use Medien/Uni_Wuppertal_Logo__richblack.pdf>
Package pdftex.def Info: Medien/Uni_Wuppertal_Logo__richblack.pdf  used on inpu
t line 69.
(pdftex.def)             Requested size: 74.43396pt x 23.49966pt.
File: Medien/TMDT_Logo_Farbe.pdf Graphic file (type pdf)
<use Medien/TMDT_Logo_Farbe.pdf>
Package pdftex.def Info: Medien/TMDT_Logo_Farbe.pdf  used on input line 69.
(pdftex.def)             Requested size: 23.74535pt x 23.49966pt.
File: Medien/Uni_Wuppertal_Logo__richblack.pdf Graphic file (type pdf)
<use Medien/Uni_Wuppertal_Logo__richblack.pdf>
Package pdftex.def Info: Medien/Uni_Wuppertal_Logo__richblack.pdf  used on inpu
t line 69.
(pdftex.def)             Requested size: 74.43396pt x 23.49966pt.
File: Medien/TMDT_Logo_Farbe.pdf Graphic file (type pdf)
<use Medien/TMDT_Logo_Farbe.pdf>
Package pdftex.def Info: Medien/TMDT_Logo_Farbe.pdf  used on input line 69.
(pdftex.def)             Requested size: 23.74535pt x 23.49966pt.
 [27]
File: Medien/Uni_Wuppertal_Logo__richblack.pdf Graphic file (type pdf)
<use Medien/Uni_Wuppertal_Logo__richblack.pdf>
Package pdftex.def Info: Medien/Uni_Wuppertal_Logo__richblack.pdf  used on inpu
t line 132.
(pdftex.def)             Requested size: 74.43396pt x 23.49966pt.
File: Medien/TMDT_Logo_Farbe.pdf Graphic file (type pdf)
<use Medien/TMDT_Logo_Farbe.pdf>
Package pdftex.def Info: Medien/TMDT_Logo_Farbe.pdf  used on input line 132.
(pdftex.def)             Requested size: 23.74535pt x 23.49966pt.
File: Medien/Uni_Wuppertal_Logo__richblack.pdf Graphic file (type pdf)
<use Medien/Uni_Wuppertal_Logo__richblack.pdf>
Package pdftex.def Info: Medien/Uni_Wuppertal_Logo__richblack.pdf  used on inpu
t line 132.
(pdftex.def)             Requested size: 74.43396pt x 23.49966pt.
File: Medien/TMDT_Logo_Farbe.pdf Graphic file (type pdf)
<use Medien/TMDT_Logo_Farbe.pdf>
Package pdftex.def Info: Medien/TMDT_Logo_Farbe.pdf  used on input line 132.
(pdftex.def)             Requested size: 23.74535pt x 23.49966pt.
 [28

]
Overfull \hbox (16.23323pt too wide) in paragraph at lines 153--160
\T1/lmr/m/n/12 (-20) Notation er-zeugt. []So wird et-wa [][][][][][][] als $\OT
1/lmr/m/n/12 (-20) 4 210 234$ \T1/lmr/m/n/12 (-20) ge-setzt und [][][][][][][]
 []

File: Medien/Uni_Wuppertal_Logo__richblack.pdf Graphic file (type pdf)
<use Medien/Uni_Wuppertal_Logo__richblack.pdf>
Package pdftex.def Info: Medien/Uni_Wuppertal_Logo__richblack.pdf  used on inpu
t line 170.
(pdftex.def)             Requested size: 74.43396pt x 23.49966pt.
File: Medien/TMDT_Logo_Farbe.pdf Graphic file (type pdf)
<use Medien/TMDT_Logo_Farbe.pdf>
Package pdftex.def Info: Medien/TMDT_Logo_Farbe.pdf  used on input line 170.
(pdftex.def)             Requested size: 23.74535pt x 23.49966pt.
File: Medien/Uni_Wuppertal_Logo__richblack.pdf Graphic file (type pdf)
<use Medien/Uni_Wuppertal_Logo__richblack.pdf>
Package pdftex.def Info: Medien/Uni_Wuppertal_Logo__richblack.pdf  used on inpu
t line 170.
(pdftex.def)             Requested size: 74.43396pt x 23.49966pt.
File: Medien/TMDT_Logo_Farbe.pdf Graphic file (type pdf)
<use Medien/TMDT_Logo_Farbe.pdf>
Package pdftex.def Info: Medien/TMDT_Logo_Farbe.pdf  used on input line 170.
(pdftex.def)             Requested size: 23.74535pt x 23.49966pt.
[29{C:/Users/Raphael/AppData/Local/Programs/MiKTeX/fonts/enc/dvips/lm/lm-rm.enc
}]
File: Medien/Uni_Wuppertal_Logo__richblack.pdf Graphic file (type pdf)
<use Medien/Uni_Wuppertal_Logo__richblack.pdf>
Package pdftex.def Info: Medien/Uni_Wuppertal_Logo__richblack.pdf  used on inpu
t line 205.
(pdftex.def)             Requested size: 74.43396pt x 23.49966pt.
File: Medien/TMDT_Logo_Farbe.pdf Graphic file (type pdf)
<use Medien/TMDT_Logo_Farbe.pdf>
Package pdftex.def Info: Medien/TMDT_Logo_Farbe.pdf  used on input line 205.
(pdftex.def)             Requested size: 23.74535pt x 23.49966pt.
File: Medien/Uni_Wuppertal_Logo__richblack.pdf Graphic file (type pdf)
<use Medien/Uni_Wuppertal_Logo__richblack.pdf>
Package pdftex.def Info: Medien/Uni_Wuppertal_Logo__richblack.pdf  used on inpu
t line 205.
(pdftex.def)             Requested size: 74.43396pt x 23.49966pt.
File: Medien/TMDT_Logo_Farbe.pdf Graphic file (type pdf)
<use Medien/TMDT_Logo_Farbe.pdf>
Package pdftex.def Info: Medien/TMDT_Logo_Farbe.pdf  used on input line 205.
(pdftex.def)             Requested size: 23.74535pt x 23.49966pt.
 [30]
File: Medien/Uni_Wuppertal_Logo__richblack.pdf Graphic file (type pdf)
<use Medien/Uni_Wuppertal_Logo__richblack.pdf>
Package pdftex.def Info: Medien/Uni_Wuppertal_Logo__richblack.pdf  used on inpu
t line 226.
(pdftex.def)             Requested size: 74.43396pt x 23.49966pt.
File: Medien/TMDT_Logo_Farbe.pdf Graphic file (type pdf)
<use Medien/TMDT_Logo_Farbe.pdf>
Package pdftex.def Info: Medien/TMDT_Logo_Farbe.pdf  used on input line 226.
(pdftex.def)             Requested size: 23.74535pt x 23.49966pt.
File: Medien/Uni_Wuppertal_Logo__richblack.pdf Graphic file (type pdf)
<use Medien/Uni_Wuppertal_Logo__richblack.pdf>
Package pdftex.def Info: Medien/Uni_Wuppertal_Logo__richblack.pdf  used on inpu
t line 226.
(pdftex.def)             Requested size: 74.43396pt x 23.49966pt.
File: Medien/TMDT_Logo_Farbe.pdf Graphic file (type pdf)
<use Medien/TMDT_Logo_Farbe.pdf>
Package pdftex.def Info: Medien/TMDT_Logo_Farbe.pdf  used on input line 226.
(pdftex.def)             Requested size: 23.74535pt x 23.49966pt.
 [31{C:/Users/Raphael/AppData/Local/Programs/MiKTeX/fonts/enc/dvips/lm/lm-mathe
x.enc}]
Overfull \hbox (2.30362pt too wide) in paragraph at lines 231--259
[][] 
 []


Overfull \hbox (2.30362pt too wide) in paragraph at lines 262--290
[][] 
 []


Overfull \hbox (3.37558pt too wide) in paragraph at lines 293--320
[][] 
 []


Overfull \hbox (14.92458pt too wide) in paragraph at lines 323--350
[][] 
 []

Package hyperref Info: bookmark level for unknown subtable defaults to 0 on inp
ut line 353.
File: Medien/Uni_Wuppertal_Logo__richblack.pdf Graphic file (type pdf)
<use Medien/Uni_Wuppertal_Logo__richblack.pdf>
Package pdftex.def Info: Medien/Uni_Wuppertal_Logo__richblack.pdf  used on inpu
t line 359.
(pdftex.def)             Requested size: 74.43396pt x 23.49966pt.
File: Medien/TMDT_Logo_Farbe.pdf Graphic file (type pdf)
<use Medien/TMDT_Logo_Farbe.pdf>
Package pdftex.def Info: Medien/TMDT_Logo_Farbe.pdf  used on input line 359.
(pdftex.def)             Requested size: 23.74535pt x 23.49966pt.
File: Medien/Uni_Wuppertal_Logo__richblack.pdf Graphic file (type pdf)
<use Medien/Uni_Wuppertal_Logo__richblack.pdf>
Package pdftex.def Info: Medien/Uni_Wuppertal_Logo__richblack.pdf  used on inpu
t line 359.
(pdftex.def)             Requested size: 74.43396pt x 23.49966pt.
File: Medien/TMDT_Logo_Farbe.pdf Graphic file (type pdf)
<use Medien/TMDT_Logo_Farbe.pdf>
Package pdftex.def Info: Medien/TMDT_Logo_Farbe.pdf  used on input line 359.
(pdftex.def)             Requested size: 23.74535pt x 23.49966pt.
[32

]
LaTeX Font Info:    Trying to load font information for U+ding on input line 36
4.
 (C:\Users\Raphael\AppData\Local\Programs\MiKTeX\tex/latex/bbding\uding.fd
File: Uding.fd 1996/02/01 v1.0 BBding font definitions
)
Package microtype Info: Fixing zero \fontdimen 6 for font `U/ding/m/n/12'
(microtype)             (new value: 12.0pt) on input line 364.
File: Medien/Uni_Wuppertal_Logo__richblack.pdf Graphic file (type pdf)
<use Medien/Uni_Wuppertal_Logo__richblack.pdf>
Package pdftex.def Info: Medien/Uni_Wuppertal_Logo__richblack.pdf  used on inpu
t line 377.
(pdftex.def)             Requested size: 74.43396pt x 23.49966pt.
File: Medien/TMDT_Logo_Farbe.pdf Graphic file (type pdf)
<use Medien/TMDT_Logo_Farbe.pdf>
Package pdftex.def Info: Medien/TMDT_Logo_Farbe.pdf  used on input line 377.
(pdftex.def)             Requested size: 23.74535pt x 23.49966pt.
File: Medien/Uni_Wuppertal_Logo__richblack.pdf Graphic file (type pdf)
<use Medien/Uni_Wuppertal_Logo__richblack.pdf>
Package pdftex.def Info: Medien/Uni_Wuppertal_Logo__richblack.pdf  used on inpu
t line 377.
(pdftex.def)             Requested size: 74.43396pt x 23.49966pt.
File: Medien/TMDT_Logo_Farbe.pdf Graphic file (type pdf)
<use Medien/TMDT_Logo_Farbe.pdf>
Package pdftex.def Info: Medien/TMDT_Logo_Farbe.pdf  used on input line 377.
(pdftex.def)             Requested size: 23.74535pt x 23.49966pt.
[33]
<Medien/Uni_Wuppertal_Logo.pdf, id=1080, 157.12038pt x 49.60533pt>
File: Medien/Uni_Wuppertal_Logo.pdf Graphic file (type pdf)
<use Medien/Uni_Wuppertal_Logo.pdf>
Package pdftex.def Info: Medien/Uni_Wuppertal_Logo.pdf  used on input line 384.

(pdftex.def)             Requested size: 113.81102pt x 35.93227pt.
<Medien/suzanne-raw.png, id=1081, 401.5pt x 301.125pt>
File: Medien/suzanne-raw.png Graphic file (type png)
<use Medien/suzanne-raw.png>
Package pdftex.def Info: Medien/suzanne-raw.png  used on input line 399.
(pdftex.def)             Requested size: 147.86658pt x 110.89987pt.
<Medien/suzanne-intensity.png, id=1082, 401.5pt x 301.125pt>
File: Medien/suzanne-intensity.png Graphic file (type png)
<use Medien/suzanne-intensity.png>
Package pdftex.def Info: Medien/suzanne-intensity.png  used on input line 403.
(pdftex.def)             Requested size: 147.86658pt x 110.89987pt.
<Medien/suzanne-albedo.png, id=1083, 401.5pt x 301.125pt>
File: Medien/suzanne-albedo.png Graphic file (type png)
<use Medien/suzanne-albedo.png>
Package pdftex.def Info: Medien/suzanne-albedo.png  used on input line 407.
(pdftex.def)             Requested size: 147.86658pt x 110.89987pt.
<Medien/suzanne-variance.png, id=1084, 401.5pt x 301.125pt>
File: Medien/suzanne-variance.png Graphic file (type png)
<use Medien/suzanne-variance.png>
Package pdftex.def Info: Medien/suzanne-variance.png  used on input line 411.
(pdftex.def)             Requested size: 147.86658pt x 110.89987pt.
<Medien/suzanne-sw.png, id=1085, 401.5pt x 301.125pt>
File: Medien/suzanne-sw.png Graphic file (type png)
<use Medien/suzanne-sw.png>
Package pdftex.def Info: Medien/suzanne-sw.png  used on input line 416.
(pdftex.def)             Requested size: 147.86658pt x 110.89987pt.
<Medien/suzanne-false-color.png, id=1086, 401.5pt x 301.125pt>
File: Medien/suzanne-false-color.png Graphic file (type png)
<use Medien/suzanne-false-color.png>
Package pdftex.def Info: Medien/suzanne-false-color.png  used on input line 421
.
(pdftex.def)             Requested size: 147.86658pt x 110.89987pt.

Underfull \hbox (badness 1997) in paragraph at lines 398--424
[][] [] []
 []

Package hyperref Info: bookmark level for unknown subfigure defaults to 0 on in
put line 424.
File: Medien/Uni_Wuppertal_Logo__richblack.pdf Graphic file (type pdf)
<use Medien/Uni_Wuppertal_Logo__richblack.pdf>
Package pdftex.def Info: Medien/Uni_Wuppertal_Logo__richblack.pdf  used on inpu
t line 430.
(pdftex.def)             Requested size: 74.43396pt x 23.49966pt.
File: Medien/TMDT_Logo_Farbe.pdf Graphic file (type pdf)
<use Medien/TMDT_Logo_Farbe.pdf>
Package pdftex.def Info: Medien/TMDT_Logo_Farbe.pdf  used on input line 430.
(pdftex.def)             Requested size: 23.74535pt x 23.49966pt.
File: Medien/Uni_Wuppertal_Logo__richblack.pdf Graphic file (type pdf)
<use Medien/Uni_Wuppertal_Logo__richblack.pdf>
Package pdftex.def Info: Medien/Uni_Wuppertal_Logo__richblack.pdf  used on inpu
t line 430.
(pdftex.def)             Requested size: 74.43396pt x 23.49966pt.
File: Medien/TMDT_Logo_Farbe.pdf Graphic file (type pdf)
<use Medien/TMDT_Logo_Farbe.pdf>
Package pdftex.def Info: Medien/TMDT_Logo_Farbe.pdf  used on input line 430.
(pdftex.def)             Requested size: 23.74535pt x 23.49966pt.
[34

 <./Medien/Uni_Wuppertal_Logo.pdf> <./Medien/suzanne-raw.png> <./Medien/suzanne
-intensity.png> <./Medien/suzanne-albedo.png> <./Medien/suzanne-variance.png> <
./Medien/suzanne-sw.png> <./Medien/suzanne-false-color.png>]
Overfull \hbox (24.16298pt too wide) in paragraph at lines 482--483
\T1/lmr/m/n/12 (-20) auch mög-lich Quellcode-Dateien di-rekt ein-zu-bin-den ([]
[][][][][][][][][][][][][][][]),
 []

File: Medien/Uni_Wuppertal_Logo__richblack.pdf Graphic file (type pdf)
<use Medien/Uni_Wuppertal_Logo__richblack.pdf>
Package pdftex.def Info: Medien/Uni_Wuppertal_Logo__richblack.pdf  used on inpu
t line 483.
(pdftex.def)             Requested size: 74.43396pt x 23.49966pt.
File: Medien/TMDT_Logo_Farbe.pdf Graphic file (type pdf)
<use Medien/TMDT_Logo_Farbe.pdf>
Package pdftex.def Info: Medien/TMDT_Logo_Farbe.pdf  used on input line 483.
(pdftex.def)             Requested size: 23.74535pt x 23.49966pt.
File: Medien/Uni_Wuppertal_Logo__richblack.pdf Graphic file (type pdf)
<use Medien/Uni_Wuppertal_Logo__richblack.pdf>
Package pdftex.def Info: Medien/Uni_Wuppertal_Logo__richblack.pdf  used on inpu
t line 483.
(pdftex.def)             Requested size: 74.43396pt x 23.49966pt.
File: Medien/TMDT_Logo_Farbe.pdf Graphic file (type pdf)
<use Medien/TMDT_Logo_Farbe.pdf>
Package pdftex.def Info: Medien/TMDT_Logo_Farbe.pdf  used on input line 483.
(pdftex.def)             Requested size: 23.74535pt x 23.49966pt.
[35]
File: Medien/Uni_Wuppertal_Logo__richblack.pdf Graphic file (type pdf)
<use Medien/Uni_Wuppertal_Logo__richblack.pdf>
Package pdftex.def Info: Medien/Uni_Wuppertal_Logo__richblack.pdf  used on inpu
t line 529.
(pdftex.def)             Requested size: 74.43396pt x 23.49966pt.
File: Medien/TMDT_Logo_Farbe.pdf Graphic file (type pdf)
<use Medien/TMDT_Logo_Farbe.pdf>
Package pdftex.def Info: Medien/TMDT_Logo_Farbe.pdf  used on input line 529.
(pdftex.def)             Requested size: 23.74535pt x 23.49966pt.
File: Medien/Uni_Wuppertal_Logo__richblack.pdf Graphic file (type pdf)
<use Medien/Uni_Wuppertal_Logo__richblack.pdf>
Package pdftex.def Info: Medien/Uni_Wuppertal_Logo__richblack.pdf  used on inpu
t line 529.
(pdftex.def)             Requested size: 74.43396pt x 23.49966pt.
File: Medien/TMDT_Logo_Farbe.pdf Graphic file (type pdf)
<use Medien/TMDT_Logo_Farbe.pdf>
Package pdftex.def Info: Medien/TMDT_Logo_Farbe.pdf  used on input line 529.
(pdftex.def)             Requested size: 23.74535pt x 23.49966pt.
 [36]
Overfull \hbox (39.71414pt too wide) in paragraph at lines 557--559
\T1/lmr/m/n/12 (-20) es soll aber trotz-dem ein Ein-trag er-zeugt wer-den. In d
ie-sem Fall kann mit [][][][][][][][][][][][]
 []

File: Medien/Uni_Wuppertal_Logo__richblack.pdf Graphic file (type pdf)
<use Medien/Uni_Wuppertal_Logo__richblack.pdf>
Package pdftex.def Info: Medien/Uni_Wuppertal_Logo__richblack.pdf  used on inpu
t line 571.
(pdftex.def)             Requested size: 74.43396pt x 23.49966pt.
File: Medien/TMDT_Logo_Farbe.pdf Graphic file (type pdf)
<use Medien/TMDT_Logo_Farbe.pdf>
Package pdftex.def Info: Medien/TMDT_Logo_Farbe.pdf  used on input line 571.
(pdftex.def)             Requested size: 23.74535pt x 23.49966pt.
File: Medien/Uni_Wuppertal_Logo__richblack.pdf Graphic file (type pdf)
<use Medien/Uni_Wuppertal_Logo__richblack.pdf>
Package pdftex.def Info: Medien/Uni_Wuppertal_Logo__richblack.pdf  used on inpu
t line 571.
(pdftex.def)             Requested size: 74.43396pt x 23.49966pt.
File: Medien/TMDT_Logo_Farbe.pdf Graphic file (type pdf)
<use Medien/TMDT_Logo_Farbe.pdf>
Package pdftex.def Info: Medien/TMDT_Logo_Farbe.pdf  used on input line 571.
(pdftex.def)             Requested size: 23.74535pt x 23.49966pt.
[37] (C:\Users\Raphael\Vorlage-Latex\.build\output\Thesis.tdo
Underfull \hbox (badness 10000) in paragraph at lines 8--8
  
 []


Underfull \hbox (badness 10000) in paragraph at lines 8--8
  
 []


Underfull \hbox (badness 10000) in paragraph at lines 8--8
  
 []

[38])
\tf@tdo=\write10
\openout10 = `Thesis.tdo'.

<Medien/captain-appendix.png, id=1248, 1027.84pt x 1541.76pt>
File: Medien/captain-appendix.png Graphic file (type png)
<use Medien/captain-appendix.png>
Package pdftex.def Info: Medien/captain-appendix.png  used on input line 586.
(pdftex.def)             Requested size: 175.5898pt x 263.3661pt.
)
File: Medien/Uni_Wuppertal_Logo__richblack.pdf Graphic file (type pdf)
<use Medien/Uni_Wuppertal_Logo__richblack.pdf>
Package pdftex.def Info: Medien/Uni_Wuppertal_Logo__richblack.pdf  used on inpu
t line 69.
(pdftex.def)             Requested size: 74.43396pt x 23.49966pt.
File: Medien/TMDT_Logo_Farbe.pdf Graphic file (type pdf)
<use Medien/TMDT_Logo_Farbe.pdf>
Package pdftex.def Info: Medien/TMDT_Logo_Farbe.pdf  used on input line 69.
(pdftex.def)             Requested size: 23.74535pt x 23.49966pt.
File: Medien/Uni_Wuppertal_Logo__richblack.pdf Graphic file (type pdf)
<use Medien/Uni_Wuppertal_Logo__richblack.pdf>
Package pdftex.def Info: Medien/Uni_Wuppertal_Logo__richblack.pdf  used on inpu
t line 69.
(pdftex.def)             Requested size: 74.43396pt x 23.49966pt.
File: Medien/TMDT_Logo_Farbe.pdf Graphic file (type pdf)
<use Medien/TMDT_Logo_Farbe.pdf>
Package pdftex.def Info: Medien/TMDT_Logo_Farbe.pdf  used on input line 69.
(pdftex.def)             Requested size: 23.74535pt x 23.49966pt.
 [39 <./Medien/captain-appendix.png>]
(C:\Users\Raphael\Vorlage-Latex\.build\output\Thesis.aux)
 ***********
LaTeX2e <2025-11-01>
L3 programming layer <2020/03/25>
 ***********


LaTeX Warning: Label(s) may have changed. Rerun to get cross-references right.


Package rerunfilecheck Warning: File `Thesis.out' has changed.
(rerunfilecheck)                Rerun to get outlines right
(rerunfilecheck)                or use package `bookmark'.

Package rerunfilecheck Info: Checksums for `Thesis.out':
(rerunfilecheck)             Before: B6B89B1735987975C4F4487000FFD1B4;14323
(rerunfilecheck)             After:  A7907CB99C690DE83EB8B5B643BD6176;14323.
Package logreq Info: Writing requests to 'Thesis.run.xml'.
\openout1 = `Thesis.run.xml'.

 ) 
Here is how much of TeX's memory you used:
 56367 strings out of 467871
 1163738 string characters out of 5417408
 2114508 words of memory out of 5000000
 83838 multiletter control sequences out of 15000+600000
 772350 words of font info for 269 fonts, out of 8000000 for 9000
 1143 hyphenation exceptions out of 8191
 98i,20n,100p,2588b,3018s stack positions out of 10000i,1000n,20000p,200000b,200000s

pdfTeX warning (dest): name{section*.48} has been referenced but does not exist
, replaced by a fixed one


pdfTeX warning (dest): name{table.caption.47} has been referenced but does not 
exist, replaced by a fixed one


pdfTeX warning (dest): name{table.caption.43} has been referenced but does not 
exist, replaced by a fixed one


pdfTeX warning (dest): name{figure.caption.45} has been referenced but does not
 exist, replaced by a fixed one


pdfTeX warning (dest): name{section*.34} has been referenced but does not exist
, replaced by a fixed one

 <C:\Users\Raphael\AppData\Local\MiKTeX\fonts/pk/ljfour/public/bbding/dpi720\bb
ding10.pk><C:/Users/Raphael/AppData/Local/Programs/MiKTeX/fonts/type1/public/eu
rosym/feymr10.pfb><C:/Users/Raphael/AppData/Local/Programs/MiKTeX/fonts/type1/p
ublic/amsfonts/latxfont/lcircle1.pfb><C:/Users/Raphael/AppData/Local/Programs/M
iKTeX/fonts/type1/public/lm/lmbx10.pfb><C:/Users/Raphael/AppData/Local/Programs
/MiKTeX/fonts/type1/public/lm/lmbx12.pfb><C:/Users/Raphael/AppData/Local/Progra
ms/MiKTeX/fonts/type1/public/lm/lmbx8.pfb><C:/Users/Raphael/AppData/Local/Progr
ams/MiKTeX/fonts/type1/public/lm/lmcsc10.pfb><C:/Users/Raphael/AppData/Local/Pr
ograms/MiKTeX/fonts/type1/public/lm/lmex10.pfb><C:/Users/Raphael/AppData/Local/
Programs/MiKTeX/fonts/type1/public/lm/lmmi10.pfb><C:/Users/Raphael/AppData/Loca
l/Programs/MiKTeX/fonts/type1/public/lm/lmmi12.pfb><C:/Users/Raphael/AppData/Lo
cal/Programs/MiKTeX/fonts/type1/public/lm/lmmi8.pfb><C:/Users/Raphael/AppData/L
ocal/Programs/MiKTeX/fonts/type1/public/lm/lmr10.pfb><C:/Users/Raphael/AppData/
Local/Programs/MiKTeX/fonts/type1/public/lm/lmr12.pfb><C:/Users/Raphael/AppData
/Local/Programs/MiKTeX/fonts/type1/public/lm/lmr6.pfb><C:/Users/Raphael/AppData
/Local/Programs/MiKTeX/fonts/type1/public/lm/lmr7.pfb><C:/Users/Raphael/AppData
/Local/Programs/MiKTeX/fonts/type1/public/lm/lmr8.pfb><C:/Users/Raphael/AppData
/Local/Programs/MiKTeX/fonts/type1/public/lm/lmri10.pfb><C:/Users/Raphael/AppDa
ta/Local/Programs/MiKTeX/fonts/type1/public/lm/lmri12.pfb><C:/Users/Raphael/App
Data/Local/Programs/MiKTeX/fonts/type1/public/lm/lmri8.pfb><C:/Users/Raphael/Ap
pData/Local/Programs/MiKTeX/fonts/type1/public/lm/lmss10.pfb><C:/Users/Raphael/
AppData/Local/Programs/MiKTeX/fonts/type1/public/lm/lmss12.pfb><C:/Users/Raphae
l/AppData/Local/Programs/MiKTeX/fonts/type1/public/lm/lmss17.pfb><C:/Users/Raph
ael/AppData/Local/Programs/MiKTeX/fonts/type1/public/lm/lmss8.pfb><C:/Users/Rap
hael/AppData/Local/Programs/MiKTeX/fonts/type1/public/lm/lmssbo10.pfb><C:/Users
/Raphael/AppData/Local/Programs/MiKTeX/fonts/type1/public/lm/lmssbx10.pfb><C:/U
sers/Raphael/AppData/Local/Programs/MiKTeX/fonts/type1/public/lm/lmsy10.pfb><C:
/Users/Raphael/AppData/Local/Programs/MiKTeX/fonts/type1/public/lm/lmsy8.pfb><C
:/Users/Raphael/AppData/Local/Programs/MiKTeX/fonts/type1/public/lm/lmtk10.pfb>
<C:/Users/Raphael/AppData/Local/Programs/MiKTeX/fonts/type1/public/lm/lmtl10.pf
b><C:/Users/Raphael/AppData/Local/Programs/MiKTeX/fonts/type1/public/lm/lmtt10.
pfb><C:/Users/Raphael/AppData/Local/Programs/MiKTeX/fonts/type1/public/lm/lmtt1
2.pfb><C:/Users/Raphael/AppData/Local/Programs/MiKTeX/fonts/type1/public/lm/lmt
t8.pfb><C:/Users/Raphael/AppData/Local/Programs/MiKTeX/fonts/type1/public/lm/lm
tti10.pfb><C:/Users/Raphael/AppData/Local/Programs/MiKTeX/fonts/type1/public/lm
/lmtto10.pfb>
Output written on C:\Users\Raphael\Vorlage-Latex\.build\output\Thesis.pdf (45 p
ages, 3483631 bytes).
PDF statistics:
 1494 PDF objects out of 1728 (max. 8388607)
 301 named destinations out of 1000 (max. 500000)
 91766 words of extra memory for PDF output out of 106986 (max. 10000000)

